ERR2604090	ERR2604090__k119_185408	order	-_cellular organisms;d_Bacteria;-_Terrabacteria group;-_Cyanobacteriota/Melainabacteria group;p_Cyanobacteriota;c_Cyanophyceae;o_Synechococcales
ERR2604090	ERR2604090__k119_153928	superkingdom	-_cellular organisms;d_Bacteria
ERR2604090	ERR2604090__k119_123795	family	-_cellular organisms;d_Bacteria;p_Pseudomonadota;c_Alphaproteobacteria;o_Rhodobacterales;f_Paracoccaceae
ERR2604090	ERR2604090__k119_131898	class	-_cellular organisms;d_Bacteria;p_Pseudomonadota;c_Gammaproteobacteria
ERR2604090	ERR2604090__k119_155472	phylum	-_cellular organisms;d_Bacteria;p_Pseudomonadota
ERR2604090	ERR2604090__k119_52769	no rank	-_cellular organisms
ERR2604090	ERR2604090__k119_148185	superkingdom	-_cellular organisms;d_Bacteria
ERR2604090	ERR2604090__k119_84479	phylum	-_cellular organisms;d_Bacteria;p_Pseudomonadota
ERR2604090	ERR2604090__k119_203511	family	-_cellular organisms;d_Bacteria;p_Pseudomonadota;c_Alphaproteobacteria;o_Rhodobacterales;f_Paracoccaceae
ERR2604090	ERR2604090__k119_195712	family	-_cellular organisms;d_Bacteria;-_FCB group;-_Bacteroidota/Chlorobiota group;p_Bacteroidota;c_Flavobacteriia;o_Flavobacteriales;f_Flavobacteriaceae
ERR2604091	ERR2604091__k119_88439	phylum	-_cellular organisms;d_Bacteria;-_FCB group;-_Bacteroidota/Chlorobiota group;p_Bacteroidota
ERR2604091	ERR2604091__k119_163759	family	-_cellular organisms;d_Bacteria;-_FCB group;-_Bacteroidota/Chlorobiota group;p_Bacteroidota;c_Flavobacteriia;o_Flavobacteriales;f_Flavobacteriaceae
ERR2604091	ERR2604091__k119_82124	order	-_cellular organisms;d_Bacteria;-_Terrabacteria group;-_Cyanobacteriota/Melainabacteria group;p_Cyanobacteriota;c_Cyanophyceae;o_Synechococcales
ERR2604091	ERR2604091__k119_138933	family	-_cellular organisms;d_Bacteria;p_Pseudomonadota;c_Alphaproteobacteria;o_Rhodobacterales;f_Paracoccaceae
ERR2604091	ERR2604091__k119_119977	strain	-_cellular organisms;d_Archaea;p_Euryarchaeota;-_Methanomada group;c_Methanococci;o_Methanococcales;f_Methanocaldococcaceae;g_Methanocaldococcus;s_Methanocaldococcus jannaschii;-_Methanocaldococcus jannaschii DSM 2661
ERR2604091	ERR2604091__k119_169929	no rank	-_cellular organisms
ERR2604091	ERR2604091__k119_51356	superkingdom	-_cellular organisms;d_Bacteria
ERR2604091	ERR2604091__k119_132743	no rank	-_cellular organisms
ERR2604091	ERR2604091__k119_38826	no rank	-_cellular organisms
ERR2604091	ERR2604091__k119_145294	phylum	-_cellular organisms;d_Bacteria;p_Pseudomonadota
ERR2604088	ERR2604088__k119_102369	no rank	-_cellular organisms
ERR2604088	ERR2604088__k119_9801	class	-_cellular organisms;d_Bacteria;p_Pseudomonadota;c_Alphaproteobacteria
ERR2604088	ERR2604088__k119_146697	phylum	-_cellular organisms;d_Bacteria;p_Pseudomonadota
ERR2604088	ERR2604088__k119_116291	phylum	-_cellular organisms;d_Bacteria;p_Pseudomonadota
ERR2604088	ERR2604088__k119_73676	superkingdom	-_cellular organisms;d_Bacteria
ERR2604090	ERR2604090__k119_31395	clade	-_cellular organisms;d_Eukaryota;-_Opisthokonta;k_Metazoa;-_Eumetazoa;-_Bilateria;-_Deuterostomia;p_Chordata;-_Craniata;-_Vertebrata;-_Gnathostomata;-_Teleostomi;-_Euteleostomi;-_Sarcopterygii;-_Dipnotetrapodomorpha;-_Tetrapoda
ERR2604090	ERR2604090__k119_125516	clade	-_cellular organisms;d_Eukaryota;-_Opisthokonta;k_Metazoa;-_Eumetazoa;-_Bilateria;-_Deuterostomia;p_Chordata;-_Craniata;-_Vertebrata;-_Gnathostomata;-_Teleostomi;-_Euteleostomi;-_Sarcopterygii;-_Dipnotetrapodomorpha;-_Tetrapoda
ERR2604090	ERR2604090__k119_71061	superkingdom	-_cellular organisms;d_Bacteria
ERR2604090	ERR2604090__k119_204358	family	-_cellular organisms;d_Bacteria;p_Pseudomonadota;c_Alphaproteobacteria;o_Rhodobacterales;f_Paracoccaceae
ERR2604090	ERR2604090__k119_126639	genus	-_cellular organisms;d_Bacteria;-_FCB group;-_Bacteroidota/Chlorobiota group;p_Bacteroidota;c_Flavobacteriia;o_Flavobacteriales;f_Flavobacteriaceae;g_Flavobacterium
ERR2604098	ERR2604098__k119_234105	phylum	-_cellular organisms;d_Bacteria;p_Pseudomonadota
ERR2604098	ERR2604098__k119_45184	no rank	-_cellular organisms
ERR2604098	ERR2604098__k119_308710	no rank	-_cellular organisms
ERR2604098	ERR2604098__k119_310000	no rank	-_cellular organisms
ERR2604098	ERR2604098__k119_47448	superkingdom	-_cellular organisms;d_Bacteria
ERR2604098	ERR2604098__k119_280307	no rank	-_cellular organisms
ERR2604098	ERR2604098__k119_228023	no rank	-_cellular organisms
ERR2604098	ERR2604098__k119_112223	class	-_cellular organisms;d_Bacteria;p_Pseudomonadota;c_Gammaproteobacteria
ERR2604098	ERR2604098__k119_313292	phylum	-_cellular organisms;d_Bacteria;p_Pseudomonadota
ERR2604099	ERR2604099__k119_26594	class	-_cellular organisms;d_Bacteria;p_Pseudomonadota;c_Gammaproteobacteria
ERR2604091	ERR2604091__k119_9939	no rank	-_cellular organisms
ERR2604091	ERR2604091__k119_66450	superkingdom	-_cellular organisms;d_Bacteria
ERR2604091	ERR2604091__k119_16521	superkingdom	-_cellular organisms;d_Bacteria
ERR2604091	ERR2604091__k119_92054	superkingdom	-_cellular organisms;d_Bacteria
ERR2604091	ERR2604091__k119_124575	no rank	-_cellular organisms
ERR2604091	ERR2604091__k119_174008	no rank	-_root
ERR2604091	ERR2604091__k119_30112	clade	-_cellular organisms;d_Eukaryota;-_Opisthokonta;k_Metazoa;-_Eumetazoa;-_Bilateria;-_Deuterostomia;p_Chordata;-_Craniata;-_Vertebrata;-_Gnathostomata;-_Teleostomi;-_Euteleostomi;-_Sarcopterygii;-_Dipnotetrapodomorpha;-_Tetrapoda
ERR2604091	ERR2604091__k119_74002	order	-_cellular organisms;d_Bacteria;-_Terrabacteria group;p_Actinomycetota;c_Actinomycetes;o_Mycobacteriales
ERR2604091	ERR2604091__k119_24392	phylum	-_cellular organisms;d_Bacteria;p_Pseudomonadota
ERR2604092	ERR2604092__k119_188545	family	-_cellular organisms;d_Bacteria;-_FCB group;-_Bacteroidota/Chlorobiota group;p_Bacteroidota;c_Flavobacteriia;o_Flavobacteriales;f_Flavobacteriaceae
ERR2604090	ERR2604090__k119_71549	superkingdom	-_cellular organisms;d_Bacteria
ERR2604090	ERR2604090__k119_181640	family	-_cellular organisms;d_Bacteria;p_Pseudomonadota;c_Alphaproteobacteria;o_Rhodobacterales;f_Paracoccaceae
ERR2604090	ERR2604090__k119_118695	order	-_cellular organisms;d_Bacteria;p_Pseudomonadota;c_Alphaproteobacteria;o_Rhodobacterales
ERR2604090	ERR2604090__k119_142768	family	-_cellular organisms;d_Bacteria;p_Pseudomonadota;c_Alphaproteobacteria;o_Rhodobacterales;f_Paracoccaceae
ERR2604090	ERR2604090__k119_87464	phylum	-_cellular organisms;d_Bacteria;p_Pseudomonadota
ERR2604090	ERR2604090__k119_1722	strain	-_cellular organisms;d_Bacteria;-_Terrabacteria group;p_Bacillota;c_Bacilli;o_Bacillales;f_Bacillaceae;g_Bacillus;-_Bacillus subtilis group;s_Bacillus subtilis;-_Bacillus subtilis subsp. subtilis;-_Bacillus subtilis subsp. subtilis str. 168
ERR2604090	ERR2604090__k119_80117	superkingdom	-_cellular organisms;d_Bacteria
ERR2604090	ERR2604090__k119_103883	class	-_cellular organisms;d_Bacteria;p_Pseudomonadota;c_Alphaproteobacteria
ERR2604090	ERR2604090__k119_80411	class	-_cellular organisms;d_Bacteria;p_Pseudomonadota;c_Gammaproteobacteria
ERR2604090	ERR2604090__k119_151903	superkingdom	-_cellular organisms;d_Bacteria
ERR2604094	ERR2604094__k119_89633	family	-_cellular organisms;d_Bacteria;p_Pseudomonadota;c_Alphaproteobacteria;o_Rhodobacterales;f_Paracoccaceae
ERR2604094	ERR2604094__k119_75341	class	-_cellular organisms;d_Bacteria;p_Pseudomonadota;c_Gammaproteobacteria
ERR2604094	ERR2604094__k119_183396	phylum	-_cellular organisms;d_Bacteria;p_Pseudomonadota
ERR2604094	ERR2604094__k119_206204	no rank	-_cellular organisms
ERR2604094	ERR2604094__k119_113653	class	-_cellular organisms;d_Bacteria;p_Pseudomonadota;c_Alphaproteobacteria
ERR2604094	ERR2604094__k119_178589	class	-_cellular organisms;d_Bacteria;p_Pseudomonadota;c_Alphaproteobacteria
ERR2604094	ERR2604094__k119_19485	no rank	-_cellular organisms
ERR2604094	ERR2604094__k119_192110	superkingdom	-_cellular organisms;d_Bacteria
ERR2604094	ERR2604094__k119_121784	family	-_cellular organisms;d_Bacteria;-_FCB group;-_Bacteroidota/Chlorobiota group;p_Bacteroidota;c_Flavobacteriia;o_Flavobacteriales;f_Flavobacteriaceae
ERR2604094	ERR2604094__k119_193350	superkingdom	-_cellular organisms;d_Bacteria
ERR2604093	ERR2604093__k119_19106	superkingdom	-_cellular organisms;d_Archaea
ERR2604093	ERR2604093__k119_103706	superkingdom	-_cellular organisms;d_Bacteria
ERR2604093	ERR2604093__k119_19276	genus	-_cellular organisms;d_Bacteria;-_FCB group;-_Bacteroidota/Chlorobiota group;p_Bacteroidota;c_Flavobacteriia;o_Flavobacteriales;f_Flavobacteriaceae;g_Flavobacterium
ERR2604093	ERR2604093__k119_55493	superkingdom	-_cellular organisms;d_Bacteria
ERR2604093	ERR2604093__k119_139758	class	-_cellular organisms;d_Bacteria;p_Pseudomonadota;c_Alphaproteobacteria
ERR2604093	ERR2604093__k119_164365	phylum	-_cellular organisms;d_Bacteria;p_Pseudomonadota
ERR2604093	ERR2604093__k119_67873	order	-_cellular organisms;d_Bacteria;p_Pseudomonadota;c_Alphaproteobacteria;o_Rhodobacterales
ERR2604093	ERR2604093__k119_31801	no rank	-_cellular organisms
ERR2604093	ERR2604093__k119_19867	strain	-_cellular organisms;d_Bacteria;-_Terrabacteria group;p_Mycoplasmatota;c_Mollicutes;o_Mycoplasmatales;f_Mycoplasmataceae;g_Ureaplasma;s_Ureaplasma parvum;-_Ureaplasma parvum serovar 3;-_Ureaplasma parvum serovar 3 str. ATCC 700970
ERR2604106	ERR2604106__k119_337868	class	-_cellular organisms;d_Bacteria;p_Pseudomonadota;c_Gammaproteobacteria
ERR2604084	ERR2604084__k119_135154	superkingdom	-_cellular organisms;d_Bacteria
ERR2604085	ERR2604085__k119_215710	no rank	-_cellular organisms
ERR2604085	ERR2604085__k119_236531	superkingdom	-_cellular organisms;d_Bacteria
ERR2604085	ERR2604085__k119_89747	class	-_cellular organisms;d_Bacteria;p_Pseudomonadota;c_Alphaproteobacteria
ERR2604085	ERR2604085__k119_149787	superkingdom	-_cellular organisms;d_Bacteria
ERR2604085	ERR2604085__k119_260796	species	-_cellular organisms;d_Bacteria;-_environmental samples;s_uncultured marine bacterium 66A03
ERR2604085	ERR2604085__k119_142867	species	-_cellular organisms;d_Bacteria;p_Pseudomonadota;c_Gammaproteobacteria;o_Methylococcales;f_Methylococcaceae;g_Methylomonas;-_unclassified Methylomonas;s_Methylomonas sp.
ERR2604085	ERR2604085__k119_142956	superkingdom	-_cellular organisms;d_Eukaryota
ERR2604085	ERR2604085__k119_281767	superkingdom	-_cellular organisms;d_Bacteria
ERR2604085	ERR2604085__k119_36025	species	-_cellular organisms;d_Bacteria;p_Pseudomonadota;c_Gammaproteobacteria;o_Methylococcales;f_Methylococcaceae;g_Methylomonas;-_unclassified Methylomonas;s_Methylomonas sp.
ERR2604103	ERR2604103__k119_243219	phylum	-_cellular organisms;d_Bacteria;p_Pseudomonadota
ERR2604103	ERR2604103__k119_199992	superkingdom	-_cellular organisms;d_Bacteria
ERR2604104	ERR2604104__k119_30585	superkingdom	-_cellular organisms;d_Bacteria
ERR2604104	ERR2604104__k119_162779	order	-_cellular organisms;d_Bacteria;p_Pseudomonadota;c_Alphaproteobacteria;o_Rhodobacterales
ERR2604104	ERR2604104__k119_213970	class	-_cellular organisms;d_Bacteria;p_Pseudomonadota;c_Alphaproteobacteria
ERR2604104	ERR2604104__k119_244681	strain	-_cellular organisms;d_Bacteria;p_Pseudomonadota;c_Alphaproteobacteria;o_Candidatus Pelagibacterales;f_Pelagibacteraceae;g_Candidatus Pelagibacter;s_Candidatus Pelagibacter ubique;-_Candidatus Pelagibacter ubique HTCC1062
ERR2604104	ERR2604104__k119_905	order	-_cellular organisms;d_Bacteria;-_Terrabacteria group;-_Cyanobacteriota/Melainabacteria group;p_Cyanobacteriota;c_Cyanophyceae;o_Synechococcales
ERR2604104	ERR2604104__k119_173743	superkingdom	-_cellular organisms;d_Bacteria
ERR2604104	ERR2604104__k119_93411	phylum	-_cellular organisms;d_Bacteria;p_Pseudomonadota
ERR2604104	ERR2604104__k119_174399	superkingdom	-_cellular organisms;d_Bacteria
ERR2604094	ERR2604094__k119_34793	superkingdom	-_cellular organisms;d_Bacteria
ERR2604094	ERR2604094__k119_42963	family	-_cellular organisms;d_Bacteria;p_Pseudomonadota;c_Alphaproteobacteria;o_Rhodobacterales;f_Paracoccaceae
ERR2604094	ERR2604094__k119_28573	family	-_cellular organisms;d_Bacteria;-_FCB group;-_Bacteroidota/Chlorobiota group;p_Bacteroidota;c_Flavobacteriia;o_Flavobacteriales;f_Flavobacteriaceae
ERR2604095	ERR2604095__k119_164105	no rank	-_cellular organisms
ERR2604095	ERR2604095__k119_26977	family	-_cellular organisms;d_Bacteria;-_FCB group;-_Bacteroidota/Chlorobiota group;p_Bacteroidota;c_Flavobacteriia;o_Flavobacteriales;f_Flavobacteriaceae
ERR2604095	ERR2604095__k119_148585	order	-_cellular organisms;d_Bacteria;p_Pseudomonadota;c_Alphaproteobacteria;o_Rhodobacterales
ERR2604095	ERR2604095__k119_62165	class	-_cellular organisms;d_Bacteria;p_Pseudomonadota;c_Alphaproteobacteria
ERR2604095	ERR2604095__k119_36645	class	-_cellular organisms;d_Bacteria;p_Pseudomonadota;c_Alphaproteobacteria
ERR2604095	ERR2604095__k119_54450	superkingdom	-_cellular organisms;d_Bacteria
ERR2604095	ERR2604095__k119_158639	superkingdom	-_cellular organisms;d_Bacteria
ERR2604091	ERR2604091__k119_164433	phylum	-_cellular organisms;d_Bacteria;p_Pseudomonadota
ERR2604091	ERR2604091__k119_170327	order	-_cellular organisms;d_Bacteria;p_Pseudomonadota;c_Alphaproteobacteria;o_Rhodobacterales
ERR2604091	ERR2604091__k119_170462	strain	-_cellular organisms;d_Bacteria;-_FCB group;-_Bacteroidota/Chlorobiota group;p_Bacteroidota;c_Flavobacteriia;o_Flavobacteriales;f_Flavobacteriaceae;g_Christiangramia;s_Christiangramia forsetii;-_Christiangramia forsetii KT0803
ERR2604091	ERR2604091__k119_152104	superkingdom	-_cellular organisms;d_Bacteria
ERR2604091	ERR2604091__k119_145788	superkingdom	-_cellular organisms;d_Bacteria
ERR2604091	ERR2604091__k119_77388	superkingdom	-_cellular organisms;d_Bacteria
ERR2604091	ERR2604091__k119_183926	family	-_cellular organisms;d_Bacteria;p_Pseudomonadota;c_Alphaproteobacteria;o_Rhodobacterales;f_Paracoccaceae
ERR2604091	ERR2604091__k119_58343	no rank	-_cellular organisms
ERR2604091	ERR2604091__k119_64928	no rank	-_cellular organisms
ERR2604091	ERR2604091__k119_33579	superkingdom	-_cellular organisms;d_Archaea
ERR2604080	ERR2604080__k119_83019	superkingdom	-_cellular organisms;d_Bacteria
ERR2604080	ERR2604080__k119_268532	order	-_cellular organisms;d_Bacteria;-_Terrabacteria group;p_Actinomycetota;c_Actinomycetes;o_Mycobacteriales
ERR2604080	ERR2604080__k119_21777	superkingdom	-_cellular organisms;d_Bacteria
ERR2604080	ERR2604080__k119_11793	class	-_cellular organisms;d_Bacteria;p_Pseudomonadota;c_Alphaproteobacteria
ERR2604080	ERR2604080__k119_249125	superkingdom	-_cellular organisms;d_Bacteria
ERR2604080	ERR2604080__k119_145915	phylum	-_cellular organisms;d_Bacteria;p_Pseudomonadota
ERR2604080	ERR2604080__k119_95409	class	-_cellular organisms;d_Bacteria;p_Pseudomonadota;c_Alphaproteobacteria
ERR2604080	ERR2604080__k119_198913	superkingdom	-_cellular organisms;d_Bacteria
ERR2604080	ERR2604080__k119_209557	phylum	-_cellular organisms;d_Bacteria;p_Pseudomonadota
ERR2604080	ERR2604080__k119_96067	family	-_cellular organisms;d_Bacteria;p_Pseudomonadota;c_Alphaproteobacteria;o_Rhodobacterales;f_Paracoccaceae
ERR2604091	ERR2604091__k119_184598	no rank	-_cellular organisms
ERR2604091	ERR2604091__k119_84060	phylum	-_cellular organisms;d_Bacteria;p_Pseudomonadota
ERR2604091	ERR2604091__k119_178498	superkingdom	-_cellular organisms;d_Bacteria
ERR2604091	ERR2604091__k119_116093	superkingdom	-_cellular organisms;d_Bacteria
ERR2604091	ERR2604091__k119_97419	superkingdom	-_cellular organisms;d_Archaea
ERR2604091	ERR2604091__k119_3330	no rank	-_cellular organisms
ERR2604091	ERR2604091__k119_71967	no rank	-_cellular organisms
ERR2604091	ERR2604091__k119_160391	no rank	-_cellular organisms
ERR2604091	ERR2604091__k119_142180	strain	-_cellular organisms;d_Bacteria;-_Terrabacteria group;-_Cyanobacteriota/Melainabacteria group;p_Cyanobacteriota;c_Cyanophyceae;o_Synechococcales;f_Synechococcaceae;g_Synechococcus;s_Synechococcus elongatus;-_Synechococcus elongatus PCC 7942 = FACHB-805
ERR2604091	ERR2604091__k119_72109	no rank	-_cellular organisms
ERR2604080	ERR2604080__k119_241051	superkingdom	-_cellular organisms;d_Bacteria
ERR2604080	ERR2604080__k119_261876	clade	-_cellular organisms;d_Eukaryota;-_Opisthokonta;k_Metazoa;-_Eumetazoa;-_Bilateria;-_Deuterostomia;p_Chordata;-_Craniata;-_Vertebrata;-_Gnathostomata;-_Teleostomi;-_Euteleostomi;-_Sarcopterygii;-_Dipnotetrapodomorpha;-_Tetrapoda
ERR2604080	ERR2604080__k119_179504	superkingdom	-_cellular organisms;d_Archaea
ERR2604080	ERR2604080__k119_25069	order	-_cellular organisms;d_Bacteria;p_Pseudomonadota;c_Alphaproteobacteria;o_Rhodobacterales
ERR2604080	ERR2604080__k119_117972	superkingdom	-_cellular organisms;d_Bacteria
ERR2604080	ERR2604080__k119_118018	superkingdom	-_cellular organisms;d_Bacteria
ERR2604080	ERR2604080__k119_231955	superkingdom	-_cellular organisms;d_Bacteria
ERR2604080	ERR2604080__k119_14969	superkingdom	-_cellular organisms;d_Bacteria
ERR2604080	ERR2604080__k119_98818	family	-_cellular organisms;d_Bacteria;-_FCB group;-_Bacteroidota/Chlorobiota group;p_Bacteroidota;c_Flavobacteriia;o_Flavobacteriales;f_Flavobacteriaceae
ERR2604080	ERR2604080__k119_275597	superkingdom	-_cellular organisms;d_Bacteria
ERR2604090	ERR2604090__k119_128614	phylum	-_cellular organisms;d_Bacteria;p_Pseudomonadota
ERR2604090	ERR2604090__k119_206825	class	-_cellular organisms;d_Bacteria;p_Pseudomonadota;c_Gammaproteobacteria
ERR2604090	ERR2604090__k119_18610	strain	-_cellular organisms;d_Archaea;p_Euryarchaeota;-_Stenosarchaea group;c_Halobacteria;o_Halobacteriales;f_Haloarculaceae;g_Haloarcula;s_Haloarcula japonica;-_Haloarcula japonica DSM 6131
ERR2604090	ERR2604090__k119_199728	class	-_cellular organisms;d_Bacteria;p_Pseudomonadota;c_Alphaproteobacteria
ERR2604090	ERR2604090__k119_97687	phylum	-_cellular organisms;d_Bacteria;-_FCB group;-_Bacteroidota/Chlorobiota group;p_Bacteroidota
ERR2604090	ERR2604090__k119_168734	superkingdom	-_cellular organisms;d_Bacteria
ERR2604090	ERR2604090__k119_130258	phylum	-_cellular organisms;d_Bacteria;p_Pseudomonadota
ERR2604090	ERR2604090__k119_224386	class	-_cellular organisms;d_Bacteria;p_Pseudomonadota;c_Alphaproteobacteria
ERR2604101	ERR2604101__k119_115232	superkingdom	-_cellular organisms;d_Bacteria
ERR2604101	ERR2604101__k119_71355	superkingdom	-_cellular organisms;d_Bacteria
ERR2604107	ERR2604107__k119_153252	no rank	-_cellular organisms
ERR2604107	ERR2604107__k119_273037	superkingdom	-_cellular organisms;d_Bacteria
ERR2604107	ERR2604107__k119_54044	superkingdom	-_cellular organisms;d_Bacteria
ERR2604107	ERR2604107__k119_134500	superkingdom	-_cellular organisms;d_Bacteria
ERR2604107	ERR2604107__k119_206435	no rank	-_cellular organisms
ERR2604108	ERR2604108__k119_86960	clade	-_cellular organisms;d_Archaea;p_Euryarchaeota;-_Stenosarchaea group
ERR2604108	ERR2604108__k119_164762	no rank	-_cellular organisms
ERR2604108	ERR2604108__k119_174382	superkingdom	-_cellular organisms;d_Bacteria
ERR2604108	ERR2604108__k119_213323	superkingdom	-_cellular organisms;d_Bacteria
ERR2604108	ERR2604108__k119_79583	no rank	-_cellular organisms
ERR2604076	ERR2604076__k119_123898	phylum	-_cellular organisms;d_Bacteria;p_Pseudomonadota
ERR2604077	ERR2604077__k119_160840	class	-_cellular organisms;d_Bacteria;p_Pseudomonadota;c_Gammaproteobacteria
ERR2604077	ERR2604077__k119_96042	superkingdom	-_cellular organisms;d_Archaea
ERR2604077	ERR2604077__k119_107908	superkingdom	-_cellular organisms;d_Bacteria
ERR2604077	ERR2604077__k119_107912	family	-_cellular organisms;d_Bacteria;p_Pseudomonadota;c_Alphaproteobacteria;o_Rhodobacterales;f_Paracoccaceae
ERR2604077	ERR2604077__k119_14592	order	-_cellular organisms;d_Bacteria;p_Pseudomonadota;c_Alphaproteobacteria;o_Rhodobacterales
ERR2604077	ERR2604077__k119_140697	no rank	-_cellular organisms
ERR2604077	ERR2604077__k119_100272	phylum	-_cellular organisms;d_Bacteria;p_Pseudomonadota
ERR2604077	ERR2604077__k119_112026	no rank	-_cellular organisms
ERR2604077	ERR2604077__k119_95069	order	-_cellular organisms;d_Bacteria;-_Terrabacteria group;-_Cyanobacteriota/Melainabacteria group;p_Cyanobacteriota;c_Cyanophyceae;o_Synechococcales
ERR2604082	ERR2604082__k119_66462	superkingdom	-_cellular organisms;d_Bacteria
ERR2604082	ERR2604082__k119_38350	class	-_cellular organisms;d_Bacteria;p_Pseudomonadota;c_Alphaproteobacteria
ERR2604082	ERR2604082__k119_66686	phylum	-_cellular organisms;d_Bacteria;p_Pseudomonadota
ERR2604082	ERR2604082__k119_20147	phylum	-_cellular organisms;d_Bacteria;-_FCB group;-_Bacteroidota/Chlorobiota group;p_Bacteroidota
ERR2604082	ERR2604082__k119_39500	superkingdom	-_cellular organisms;d_Bacteria
ERR2604082	ERR2604082__k119_101297	family	-_cellular organisms;d_Bacteria;-_FCB group;-_Bacteroidota/Chlorobiota group;p_Bacteroidota;c_Flavobacteriia;o_Flavobacteriales;f_Flavobacteriaceae
ERR2604082	ERR2604082__k119_21358	superkingdom	-_cellular organisms;d_Bacteria
ERR2604082	ERR2604082__k119_3180	clade	-_cellular organisms;d_Eukaryota;-_Opisthokonta;k_Metazoa;-_Eumetazoa;-_Bilateria;-_Deuterostomia;p_Chordata;-_Craniata;-_Vertebrata;-_Gnathostomata;-_Teleostomi;-_Euteleostomi;-_Sarcopterygii;-_Dipnotetrapodomorpha;-_Tetrapoda
ERR2604082	ERR2604082__k119_41229	no rank	-_cellular organisms
ERR2604082	ERR2604082__k119_46275	order	-_cellular organisms;d_Bacteria;p_Pseudomonadota;c_Alphaproteobacteria;o_Rhodobacterales
ERR2604104	ERR2604104__k119_237638	superkingdom	-_cellular organisms;d_Bacteria
ERR2604104	ERR2604104__k119_96120	superkingdom	-_cellular organisms;d_Bacteria
ERR2604104	ERR2604104__k119_157035	superkingdom	-_cellular organisms;d_Bacteria
ERR2604104	ERR2604104__k119_117163	superkingdom	-_cellular organisms;d_Bacteria
ERR2604104	ERR2604104__k119_127452	no rank	-_cellular organisms
ERR2604104	ERR2604104__k119_16618	class	-_cellular organisms;d_Bacteria;p_Pseudomonadota;c_Alphaproteobacteria
ERR2604104	ERR2604104__k119_189328	phylum	-_cellular organisms;d_Bacteria;p_Pseudomonadota
ERR2604104	ERR2604104__k119_149988	class	-_cellular organisms;d_Bacteria;p_Pseudomonadota;c_Alphaproteobacteria
ERR2604104	ERR2604104__k119_6490	class	-_cellular organisms;d_Bacteria;p_Pseudomonadota;c_Alphaproteobacteria
ERR2604104	ERR2604104__k119_130174	superkingdom	-_cellular organisms;d_Bacteria
ERR2604095	ERR2604095__k119_126055	superkingdom	-_cellular organisms;d_Bacteria
ERR2604095	ERR2604095__k119_230819	strain	-_cellular organisms;d_Bacteria;p_Pseudomonadota;c_Gammaproteobacteria;o_Enterobacterales;f_Enterobacteriaceae;g_Escherichia;s_Escherichia coli;-_Escherichia coli K-12
ERR2604095	ERR2604095__k119_100703	family	-_cellular organisms;d_Bacteria;-_FCB group;-_Bacteroidota/Chlorobiota group;p_Bacteroidota;c_Flavobacteriia;o_Flavobacteriales;f_Flavobacteriaceae
ERR2604095	ERR2604095__k119_110774	strain	-_cellular organisms;d_Archaea;p_Euryarchaeota;-_Stenosarchaea group;c_Halobacteria;o_Halobacteriales;f_Haloarculaceae;g_Haloarcula;s_Haloarcula japonica;-_Haloarcula japonica DSM 6131
ERR2604095	ERR2604095__k119_50189	class	-_cellular organisms;d_Bacteria;p_Pseudomonadota;c_Alphaproteobacteria
ERR2604095	ERR2604095__k119_33659	superkingdom	-_cellular organisms;d_Bacteria
ERR2604095	ERR2604095__k119_94406	phylum	-_cellular organisms;d_Bacteria;-_FCB group;-_Bacteroidota/Chlorobiota group;p_Bacteroidota
ERR2604096	ERR2604096__k119_140006	class	-_cellular organisms;d_Bacteria;p_Pseudomonadota;c_Alphaproteobacteria
ERR2604096	ERR2604096__k119_35740	strain	-_cellular organisms;d_Bacteria;p_Pseudomonadota;c_Alphaproteobacteria;o_Sphingomonadales;f_Zymomonadaceae;g_Zymomonas;s_Zymomonas mobilis;-_Zymomonas mobilis subsp. mobilis;-_Zymomonas mobilis subsp. mobilis ZM4 = ATCC 31821
ERR2604096	ERR2604096__k119_70770	class	-_cellular organisms;d_Bacteria;p_Pseudomonadota;c_Alphaproteobacteria
ERR2604106	ERR2604106__k119_152932	species	-_cellular organisms;d_Bacteria;p_Pseudomonadota;c_Gammaproteobacteria;o_Methylococcales;f_Methylococcaceae;g_Methylomonas;-_unclassified Methylomonas;s_Methylomonas sp.
ERR2604106	ERR2604106__k119_166093	no rank	-_cellular organisms
ERR2604106	ERR2604106__k119_327434	superkingdom	-_cellular organisms;d_Bacteria
ERR2604106	ERR2604106__k119_249846	no rank	-_cellular organisms
ERR2604107	ERR2604107__k119_269163	strain	-_cellular organisms;d_Archaea;p_Euryarchaeota;-_Stenosarchaea group;c_Halobacteria;o_Halobacteriales;f_Haloarculaceae;g_Haloarcula;s_Haloarcula japonica;-_Haloarcula japonica DSM 6131
ERR2604107	ERR2604107__k119_260221	class	-_cellular organisms;d_Bacteria;p_Pseudomonadota;c_Gammaproteobacteria
ERR2604107	ERR2604107__k119_260654	superkingdom	-_cellular organisms;d_Bacteria
ERR2604107	ERR2604107__k119_52256	superkingdom	-_cellular organisms;d_Bacteria
ERR2604107	ERR2604107__k119_202308	superkingdom	-_cellular organisms;d_Bacteria
ERR2604107	ERR2604107__k119_272324	no rank	-_cellular organisms
ERR2604079	ERR2604079__k119_133352	phylum	-_cellular organisms;d_Bacteria;p_Pseudomonadota
ERR2604079	ERR2604079__k119_16806	genus	-_cellular organisms;d_Bacteria;p_Spirochaetota;c_Spirochaetia;o_Leptospirales;f_Leptospiraceae;g_Leptospira
ERR2604079	ERR2604079__k119_184982	genus	-_cellular organisms;d_Bacteria;-_FCB group;-_Bacteroidota/Chlorobiota group;p_Bacteroidota;c_Flavobacteriia;o_Flavobacteriales;f_Flavobacteriaceae;g_Flavobacterium
ERR2604079	ERR2604079__k119_39911	superkingdom	-_cellular organisms;d_Bacteria
ERR2604079	ERR2604079__k119_215429	no rank	-_cellular organisms
ERR2604079	ERR2604079__k119_106551	superkingdom	-_cellular organisms;d_Bacteria
ERR2604079	ERR2604079__k119_216786	superkingdom	-_cellular organisms;d_Bacteria
ERR2604079	ERR2604079__k119_4969	class	-_cellular organisms;d_Bacteria;p_Pseudomonadota;c_Gammaproteobacteria
ERR2604079	ERR2604079__k119_137403	strain	-_cellular organisms;d_Bacteria;-_Terrabacteria group;p_Mycoplasmatota;c_Mollicutes;o_Mycoplasmatales;f_Mycoplasmataceae;g_Ureaplasma;s_Ureaplasma parvum;-_Ureaplasma parvum serovar 3;-_Ureaplasma parvum serovar 3 str. ATCC 700970
ERR2604079	ERR2604079__k119_49027	family	-_cellular organisms;d_Bacteria;-_FCB group;-_Bacteroidota/Chlorobiota group;p_Bacteroidota;c_Flavobacteriia;o_Flavobacteriales;f_Flavobacteriaceae
ERR2604103	ERR2604103__k119_12202	no rank	-_cellular organisms
ERR2604103	ERR2604103__k119_39391	class	-_cellular organisms;d_Bacteria;p_Pseudomonadota;c_Alphaproteobacteria
ERR2604103	ERR2604103__k119_156679	superkingdom	-_cellular organisms;d_Bacteria
ERR2604103	ERR2604103__k119_31583	order	-_cellular organisms;d_Bacteria;p_Pseudomonadota;c_Alphaproteobacteria;o_Rhodobacterales
ERR2604103	ERR2604103__k119_113549	strain	-_cellular organisms;d_Bacteria;p_Pseudomonadota;c_Alphaproteobacteria;o_Candidatus Pelagibacterales;f_Pelagibacteraceae;g_Candidatus Pelagibacter;s_Candidatus Pelagibacter ubique;-_Candidatus Pelagibacter ubique HTCC1062
ERR2604103	ERR2604103__k119_185302	phylum	-_cellular organisms;d_Bacteria;p_Pseudomonadota
ERR2604103	ERR2604103__k119_52426	order	-_cellular organisms;d_Bacteria;-_Terrabacteria group;-_Cyanobacteriota/Melainabacteria group;p_Cyanobacteriota;c_Cyanophyceae;o_Synechococcales
ERR2604103	ERR2604103__k119_125276	phylum	-_cellular organisms;d_Bacteria;-_FCB group;-_Bacteroidota/Chlorobiota group;p_Bacteroidota
ERR2604103	ERR2604103__k119_136182	species	-_cellular organisms;d_Bacteria;p_Pseudomonadota;c_Alphaproteobacteria;o_Rhodobacterales;f_Paracoccaceae;g_Paracoccus;s_Paracoccus denitrificans
ERR2604103	ERR2604103__k119_127085	no rank	-_root
ERR2604093	ERR2604093__k119_147502	class	-_cellular organisms;d_Bacteria;p_Pseudomonadota;c_Alphaproteobacteria
ERR2604093	ERR2604093__k119_178052	superkingdom	-_cellular organisms;d_Bacteria
ERR2604093	ERR2604093__k119_154047	family	-_cellular organisms;d_Bacteria;p_Pseudomonadota;c_Alphaproteobacteria;o_Rhodobacterales;f_Paracoccaceae
ERR2604093	ERR2604093__k119_171977	family	-_cellular organisms;d_Bacteria;-_FCB group;-_Bacteroidota/Chlorobiota group;p_Bacteroidota;c_Flavobacteriia;o_Flavobacteriales;f_Flavobacteriaceae
ERR2604093	ERR2604093__k119_178604	superkingdom	-_cellular organisms;d_Bacteria
ERR2604093	ERR2604093__k119_88343	no rank	-_cellular organisms
ERR2604093	ERR2604093__k119_155548	superkingdom	-_cellular organisms;d_Bacteria
ERR2604093	ERR2604093__k119_58283	no rank	-_cellular organisms
ERR2604093	ERR2604093__k119_88695	family	-_cellular organisms;d_Bacteria;-_FCB group;-_Bacteroidota/Chlorobiota group;p_Bacteroidota;c_Flavobacteriia;o_Flavobacteriales;f_Flavobacteriaceae
ERR2604093	ERR2604093__k119_88714	family	-_cellular organisms;d_Bacteria;p_Pseudomonadota;c_Alphaproteobacteria;o_Rhodobacterales;f_Paracoccaceae
ERR2604108	ERR2604108__k119_22147	order	-_cellular organisms;d_Bacteria;-_Terrabacteria group;p_Actinomycetota;c_Actinomycetes;o_Mycobacteriales
ERR2604108	ERR2604108__k119_70665	no rank	-_cellular organisms
ERR2604108	ERR2604108__k119_168490	superkingdom	-_cellular organisms;d_Bacteria
ERR2604108	ERR2604108__k119_218858	phylum	-_cellular organisms;d_Bacteria;p_Pseudomonadota
ERR2604108	ERR2604108__k119_44799	strain	-_cellular organisms;d_Bacteria;-_FCB group;-_Bacteroidota/Chlorobiota group;p_Bacteroidota;c_Flavobacteriia;o_Flavobacteriales;f_Flavobacteriaceae;g_Christiangramia;s_Christiangramia forsetii;-_Christiangramia forsetii KT0803
ERR2604108	ERR2604108__k119_287801	phylum	-_cellular organisms;d_Bacteria;p_Pseudomonadota
ERR2604108	ERR2604108__k119_103562	strain	-_cellular organisms;d_Archaea;-_TACK group;p_Nitrososphaerota;o_Cenarchaeales;f_Cenarchaeaceae;g_Cenarchaeum;s_Cenarchaeum symbiosum;-_Cenarchaeum symbiosum A
ERR2604109	ERR2604109__k119_249206	order	-_cellular organisms;d_Bacteria;-_Terrabacteria group;p_Actinomycetota;c_Actinomycetes;o_Mycobacteriales
ERR2604109	ERR2604109__k119_232529	order	-_cellular organisms;d_Bacteria;-_Terrabacteria group;p_Actinomycetota;c_Actinomycetes;o_Mycobacteriales
ERR2604109	ERR2604109__k119_198550	strain	-_cellular organisms;d_Archaea;p_Euryarchaeota;-_Stenosarchaea group;c_Halobacteria;o_Halobacteriales;f_Haloarculaceae;g_Haloarcula;s_Haloarcula japonica;-_Haloarcula japonica DSM 6131
ERR2604078	ERR2604078__k119_46265	superkingdom	-_cellular organisms;d_Bacteria
ERR2604078	ERR2604078__k119_32057	family	-_cellular organisms;d_Bacteria;p_Pseudomonadota;c_Alphaproteobacteria;o_Rhodobacterales;f_Paracoccaceae
ERR2604078	ERR2604078__k119_3674	clade	-_cellular organisms;d_Eukaryota;-_Opisthokonta;k_Metazoa;-_Eumetazoa;-_Bilateria;-_Deuterostomia;p_Chordata;-_Craniata;-_Vertebrata;-_Gnathostomata;-_Teleostomi;-_Euteleostomi;-_Sarcopterygii;-_Dipnotetrapodomorpha;-_Tetrapoda
ERR2604078	ERR2604078__k119_55524	superkingdom	-_cellular organisms;d_Bacteria
ERR2604078	ERR2604078__k119_33883	phylum	-_cellular organisms;d_Bacteria;p_Pseudomonadota
ERR2604078	ERR2604078__k119_196934	class	-_cellular organisms;d_Bacteria;p_Pseudomonadota;c_Gammaproteobacteria
ERR2604078	ERR2604078__k119_146659	family	-_cellular organisms;d_Bacteria;p_Pseudomonadota;c_Alphaproteobacteria;o_Rhodobacterales;f_Paracoccaceae
ERR2604079	ERR2604079__k119_80098	superkingdom	-_cellular organisms;d_Bacteria
ERR2604079	ERR2604079__k119_174650	superkingdom	-_cellular organisms;d_Bacteria
ERR2604079	ERR2604079__k119_29247	family	-_cellular organisms;d_Bacteria;p_Pseudomonadota;c_Alphaproteobacteria;o_Rhodobacterales;f_Paracoccaceae
ERR2604104	ERR2604104__k119_261823	family	-_cellular organisms;d_Bacteria;-_FCB group;-_Bacteroidota/Chlorobiota group;p_Bacteroidota;c_Flavobacteriia;o_Flavobacteriales;f_Flavobacteriaceae
ERR2604104	ERR2604104__k119_68934	superkingdom	-_cellular organisms;d_Bacteria
ERR2604104	ERR2604104__k119_232137	strain	-_cellular organisms;d_Bacteria;p_Pseudomonadota;c_Gammaproteobacteria;o_Enterobacterales;f_Enterobacteriaceae;g_Escherichia;s_Escherichia coli;-_Escherichia coli K-12
ERR2604104	ERR2604104__k119_213156	phylum	-_cellular organisms;d_Bacteria;p_Pseudomonadota
ERR2604105	ERR2604105__k119_292654	phylum	-_cellular organisms;d_Bacteria;p_Pseudomonadota
ERR2604105	ERR2604105__k119_210627	superkingdom	-_cellular organisms;d_Bacteria
ERR2604105	ERR2604105__k119_263764	genus	-_cellular organisms;d_Bacteria;p_Spirochaetota;c_Spirochaetia;o_Leptospirales;f_Leptospiraceae;g_Leptospira
ERR2604105	ERR2604105__k119_289534	strain	-_cellular organisms;d_Bacteria;p_Pseudomonadota;c_Gammaproteobacteria;o_Enterobacterales;f_Enterobacteriaceae;g_Escherichia;s_Escherichia coli;-_Escherichia coli K-12
ERR2604106	ERR2604106__k119_368962	family	-_cellular organisms;d_Bacteria;-_FCB group;-_Bacteroidota/Chlorobiota group;p_Bacteroidota;c_Flavobacteriia;o_Flavobacteriales;f_Flavobacteriaceae
ERR2604106	ERR2604106__k119_441	superkingdom	-_cellular organisms;d_Bacteria
ERR2604093	ERR2604093__k119_65453	superkingdom	-_cellular organisms;d_Bacteria
ERR2604093	ERR2604093__k119_59739	no rank	-_root
ERR2604094	ERR2604094__k119_57403	superkingdom	-_cellular organisms;d_Bacteria
ERR2604094	ERR2604094__k119_201034	superkingdom	-_cellular organisms;d_Bacteria
ERR2604094	ERR2604094__k119_208174	superkingdom	-_cellular organisms;d_Bacteria
ERR2604094	ERR2604094__k119_179612	phylum	-_cellular organisms;d_Bacteria;p_Pseudomonadota
ERR2604094	ERR2604094__k119_57803	family	-_cellular organisms;d_Bacteria;-_FCB group;-_Bacteroidota/Chlorobiota group;p_Bacteroidota;c_Flavobacteriia;o_Flavobacteriales;f_Flavobacteriaceae
ERR2604094	ERR2604094__k119_158741	family	-_cellular organisms;d_Bacteria;-_FCB group;-_Bacteroidota/Chlorobiota group;p_Bacteroidota;c_Flavobacteriia;o_Flavobacteriales;f_Flavobacteriaceae
ERR2604094	ERR2604094__k119_123130	superkingdom	-_cellular organisms;d_Bacteria
ERR2604094	ERR2604094__k119_51552	superkingdom	-_cellular organisms;d_Bacteria
ERR2604110	ERR2604110__k119_139571	no rank	-_cellular organisms
ERR2604071	ERR2604071__k119_144067	genus	-_cellular organisms;d_Bacteria;-_Terrabacteria group;p_Actinomycetota;c_Actinomycetes;o_Kitasatosporales;f_Streptomycetaceae;g_Streptomyces
ERR2604071	ERR2604071__k119_50764	phylum	-_cellular organisms;d_Bacteria;p_Pseudomonadota
ERR2604071	ERR2604071__k119_65188	superkingdom	-_cellular organisms;d_Bacteria
ERR2604071	ERR2604071__k119_29665	strain	-_cellular organisms;d_Bacteria;p_Pseudomonadota;c_Alphaproteobacteria;o_Hyphomicrobiales;f_Phyllobacteriaceae;g_Mesorhizobium;s_Mesorhizobium japonicum;-_Mesorhizobium japonicum MAFF 303099
ERR2604071	ERR2604071__k119_29813	phylum	-_cellular organisms;d_Archaea;p_Euryarchaeota
ERR2604071	ERR2604071__k119_154594	superkingdom	-_cellular organisms;d_Bacteria
ERR2604071	ERR2604071__k119_63513	superkingdom	-_cellular organisms;d_Archaea
ERR2604073	ERR2604073__k119_179028	strain	-_cellular organisms;d_Archaea;p_Euryarchaeota;-_Stenosarchaea group;c_Halobacteria;o_Halobacteriales;f_Haloarculaceae;g_Haloarcula;s_Haloarcula japonica;-_Haloarcula japonica DSM 6131
ERR2604073	ERR2604073__k119_132345	phylum	-_cellular organisms;d_Bacteria;p_Pseudomonadota
ERR2604079	ERR2604079__k119_182340	superkingdom	-_cellular organisms;d_Bacteria
ERR2604079	ERR2604079__k119_73167	superkingdom	-_cellular organisms;d_Bacteria
ERR2604079	ERR2604079__k119_117075	phylum	-_cellular organisms;d_Bacteria;p_Pseudomonadota
ERR2604079	ERR2604079__k119_110012	phylum	-_cellular organisms;d_Bacteria;p_Pseudomonadota
ERR2604079	ERR2604079__k119_22614	class	-_cellular organisms;d_Bacteria;p_Pseudomonadota;c_Alphaproteobacteria
ERR2604079	ERR2604079__k119_211812	superkingdom	-_cellular organisms;d_Bacteria
ERR2604079	ERR2604079__k119_88046	phylum	-_cellular organisms;d_Bacteria;p_Pseudomonadota
ERR2604079	ERR2604079__k119_168925	family	-_cellular organisms;d_Bacteria;-_FCB group;-_Bacteroidota/Chlorobiota group;p_Bacteroidota;c_Flavobacteriia;o_Flavobacteriales;f_Flavobacteriaceae
ERR2604079	ERR2604079__k119_147377	superkingdom	-_cellular organisms;d_Bacteria
ERR2604079	ERR2604079__k119_212950	class	-_cellular organisms;d_Bacteria;p_Pseudomonadota;c_Alphaproteobacteria
ERR2604093	ERR2604093__k119_173829	family	-_cellular organisms;d_Bacteria;-_FCB group;-_Bacteroidota/Chlorobiota group;p_Bacteroidota;c_Flavobacteriia;o_Flavobacteriales;f_Flavobacteriaceae
ERR2604093	ERR2604093__k119_155954	no rank	-_cellular organisms
ERR2604093	ERR2604093__k119_120041	superkingdom	-_cellular organisms;d_Bacteria
ERR2604093	ERR2604093__k119_96136	phylum	-_cellular organisms;d_Bacteria;p_Pseudomonadota
ERR2604093	ERR2604093__k119_482	superkingdom	-_cellular organisms;d_Bacteria
ERR2604093	ERR2604093__k119_84913	superkingdom	-_cellular organisms;d_Bacteria
ERR2604093	ERR2604093__k119_43021	superkingdom	-_cellular organisms;d_Bacteria
ERR2604093	ERR2604093__k119_168957	superkingdom	-_cellular organisms;d_Bacteria
ERR2604093	ERR2604093__k119_61291	superkingdom	-_cellular organisms;d_Bacteria
ERR2604093	ERR2604093__k119_37464	family	-_cellular organisms;d_Bacteria;-_FCB group;-_Bacteroidota/Chlorobiota group;p_Bacteroidota;c_Flavobacteriia;o_Flavobacteriales;f_Flavobacteriaceae
ERR2604081	ERR2604081__k119_183351	superkingdom	-_cellular organisms;d_Bacteria
ERR2604081	ERR2604081__k119_75459	superkingdom	-_cellular organisms;d_Archaea
ERR2604081	ERR2604081__k119_158824	family	-_cellular organisms;d_Bacteria;-_FCB group;-_Bacteroidota/Chlorobiota group;p_Bacteroidota;c_Flavobacteriia;o_Flavobacteriales;f_Flavobacteriaceae
ERR2604081	ERR2604081__k119_25766	class	-_cellular organisms;d_Bacteria;p_Pseudomonadota;c_Alphaproteobacteria
ERR2604081	ERR2604081__k119_142270	superkingdom	-_cellular organisms;d_Bacteria
ERR2604081	ERR2604081__k119_217126	phylum	-_cellular organisms;d_Bacteria;p_Pseudomonadota
ERR2604081	ERR2604081__k119_17526	phylum	-_cellular organisms;d_Bacteria;p_Pseudomonadota
ERR2604081	ERR2604081__k119_50965	superkingdom	-_cellular organisms;d_Bacteria
ERR2604081	ERR2604081__k119_201068	family	-_cellular organisms;d_Bacteria;p_Pseudomonadota;c_Alphaproteobacteria;o_Rhodobacterales;f_Roseobacteraceae
ERR2604081	ERR2604081__k119_176533	superkingdom	-_cellular organisms;d_Bacteria
ERR2604101	ERR2604101__k119_164063	class	-_cellular organisms;d_Bacteria;p_Pseudomonadota;c_Alphaproteobacteria
ERR2604101	ERR2604101__k119_97857	phylum	-_cellular organisms;d_Bacteria;p_Pseudomonadota
ERR2604101	ERR2604101__k119_119898	phylum	-_cellular organisms;d_Bacteria;p_Pseudomonadota
ERR2604102	ERR2604102__k119_182218	phylum	-_cellular organisms;d_Bacteria;-_FCB group;-_Bacteroidota/Chlorobiota group;p_Bacteroidota
ERR2604102	ERR2604102__k119_91243	superkingdom	-_cellular organisms;d_Bacteria
ERR2604102	ERR2604102__k119_78269	no rank	-_cellular organisms
ERR2604102	ERR2604102__k119_33235	superkingdom	-_cellular organisms;d_Bacteria
ERR2604102	ERR2604102__k119_189886	superkingdom	-_cellular organisms;d_Bacteria
ERR2604102	ERR2604102__k119_185050	phylum	-_cellular organisms;d_Bacteria;-_FCB group;-_Bacteroidota/Chlorobiota group;p_Bacteroidota
ERR2604102	ERR2604102__k119_9936	superkingdom	-_cellular organisms;d_Bacteria
ERR2604096	ERR2604096__k119_238092	species	-_cellular organisms;d_Bacteria;-_Terrabacteria group;p_Actinomycetota;c_Actinomycetes;o_Mycobacteriales;f_Mycobacteriaceae;g_Mycobacterium;-_Mycobacterium tuberculosis complex;s_Mycobacterium tuberculosis
ERR2604096	ERR2604096__k119_150918	phylum	-_cellular organisms;d_Bacteria;p_Pseudomonadota
ERR2604096	ERR2604096__k119_160058	superkingdom	-_cellular organisms;d_Archaea
ERR2604096	ERR2604096__k119_72078	phylum	-_cellular organisms;d_Bacteria;p_Pseudomonadota
ERR2604096	ERR2604096__k119_19900	superkingdom	-_cellular organisms;d_Bacteria
ERR2604096	ERR2604096__k119_152049	family	-_cellular organisms;d_Bacteria;-_FCB group;-_Bacteroidota/Chlorobiota group;p_Bacteroidota;c_Flavobacteriia;o_Flavobacteriales;f_Flavobacteriaceae
ERR2604096	ERR2604096__k119_169559	no rank	-_cellular organisms
ERR2604096	ERR2604096__k119_171205	family	-_cellular organisms;d_Bacteria;-_FCB group;-_Bacteroidota/Chlorobiota group;p_Bacteroidota;c_Flavobacteriia;o_Flavobacteriales;f_Flavobacteriaceae
ERR2604096	ERR2604096__k119_144686	no rank	-_cellular organisms
ERR2604097	ERR2604097__k119_176336	superkingdom	-_cellular organisms;d_Bacteria
ERR2604075	ERR2604075__k119_149716	genus	-_cellular organisms;d_Bacteria;p_Pseudomonadota;c_Alphaproteobacteria;o_Rickettsiales;f_Rickettsiaceae;-_Rickettsieae;g_Rickettsia
ERR2604075	ERR2604075__k119_51279	no rank	-_cellular organisms
ERR2604075	ERR2604075__k119_194221	strain	-_cellular organisms;d_Bacteria;-_Terrabacteria group;p_Bacillota;c_Bacilli;o_Bacillales;f_Bacillaceae;g_Bacillus;-_Bacillus subtilis group;s_Bacillus subtilis;-_Bacillus subtilis subsp. subtilis;-_Bacillus subtilis subsp. subtilis str. 168
ERR2604075	ERR2604075__k119_104405	strain	-_cellular organisms;d_Bacteria;-_FCB group;-_Bacteroidota/Chlorobiota group;p_Bacteroidota;c_Flavobacteriia;o_Flavobacteriales;f_Flavobacteriaceae;g_Christiangramia;s_Christiangramia forsetii;-_Christiangramia forsetii KT0803
ERR2604075	ERR2604075__k119_97208	class	-_cellular organisms;d_Bacteria;p_Pseudomonadota;c_Gammaproteobacteria
ERR2604076	ERR2604076__k119_101797	class	-_cellular organisms;d_Bacteria;p_Pseudomonadota;c_Gammaproteobacteria
ERR2604076	ERR2604076__k119_56905	class	-_cellular organisms;d_Bacteria;p_Pseudomonadota;c_Betaproteobacteria
ERR2604076	ERR2604076__k119_73938	family	-_cellular organisms;d_Bacteria;p_Pseudomonadota;c_Alphaproteobacteria;o_Rhodobacterales;f_Paracoccaceae
ERR2604076	ERR2604076__k119_158569	superkingdom	-_cellular organisms;d_Bacteria
ERR2604076	ERR2604076__k119_79691	superkingdom	-_cellular organisms;d_Bacteria
ERR2604080	ERR2604080__k119_275999	family	-_cellular organisms;d_Bacteria;-_FCB group;-_Bacteroidota/Chlorobiota group;p_Bacteroidota;c_Flavobacteriia;o_Flavobacteriales;f_Flavobacteriaceae
ERR2604080	ERR2604080__k119_245239	superkingdom	-_cellular organisms;d_Bacteria
ERR2604080	ERR2604080__k119_89564	superkingdom	-_cellular organisms;d_Bacteria
ERR2604080	ERR2604080__k119_215312	genus	-_cellular organisms;d_Bacteria;-_FCB group;-_Bacteroidota/Chlorobiota group;p_Bacteroidota;c_Flavobacteriia;o_Flavobacteriales;f_Flavobacteriaceae;g_Flavobacterium
ERR2604080	ERR2604080__k119_81400	superkingdom	-_cellular organisms;d_Bacteria
ERR2604080	ERR2604080__k119_101875	phylum	-_cellular organisms;d_Bacteria;p_Pseudomonadota
ERR2604080	ERR2604080__k119_60838	class	-_cellular organisms;d_Bacteria;p_Pseudomonadota;c_Alphaproteobacteria
ERR2604081	ERR2604081__k119_91566	family	-_cellular organisms;d_Bacteria;-_FCB group;-_Bacteroidota/Chlorobiota group;p_Bacteroidota;c_Flavobacteriia;o_Flavobacteriales;f_Flavobacteriaceae
ERR2604081	ERR2604081__k119_224752	class	-_cellular organisms;d_Bacteria;p_Pseudomonadota;c_Alphaproteobacteria
ERR2604081	ERR2604081__k119_216473	order	-_cellular organisms;d_Bacteria;-_Terrabacteria group;p_Actinomycetota;c_Actinomycetes;o_Mycobacteriales
ERR2604074	ERR2604074__k119_161871	strain	-_cellular organisms;d_Archaea;p_Euryarchaeota;-_Stenosarchaea group;c_Halobacteria;o_Halobacteriales;f_Haloarculaceae;g_Haloarcula;s_Haloarcula japonica;-_Haloarcula japonica DSM 6131
ERR2604074	ERR2604074__k119_2201	class	-_cellular organisms;d_Bacteria;p_Pseudomonadota;c_Alphaproteobacteria
ERR2604074	ERR2604074__k119_149048	strain	-_cellular organisms;d_Bacteria;-_FCB group;-_Bacteroidota/Chlorobiota group;p_Bacteroidota;c_Flavobacteriia;o_Flavobacteriales;f_Flavobacteriaceae;g_Christiangramia;s_Christiangramia forsetii;-_Christiangramia forsetii KT0803
ERR2604074	ERR2604074__k119_129389	class	-_cellular organisms;d_Bacteria;p_Pseudomonadota;c_Alphaproteobacteria
ERR2604074	ERR2604074__k119_55957	family	-_cellular organisms;d_Bacteria;p_Pseudomonadota;c_Alphaproteobacteria;o_Rhodobacterales;f_Paracoccaceae
ERR2604074	ERR2604074__k119_157843	genus	-_cellular organisms;d_Bacteria;-_Terrabacteria group;p_Actinomycetota;c_Actinomycetes;o_Mycobacteriales;f_Mycobacteriaceae;g_Mycobacterium
ERR2604074	ERR2604074__k119_43485	no rank	-_cellular organisms
ERR2604074	ERR2604074__k119_19753	phylum	-_cellular organisms;d_Bacteria;p_Pseudomonadota
ERR2604075	ERR2604075__k119_239052	phylum	-_cellular organisms;d_Bacteria;p_Pseudomonadota
ERR2604075	ERR2604075__k119_97564	no rank	-_cellular organisms
ERR2604083	ERR2604083__k119_221837	order	-_cellular organisms;d_Bacteria;p_Pseudomonadota;c_Alphaproteobacteria;o_Rhodobacterales
ERR2604083	ERR2604083__k119_40258	no rank	-_cellular organisms
ERR2604083	ERR2604083__k119_164562	superkingdom	-_cellular organisms;d_Bacteria
ERR2604083	ERR2604083__k119_173439	superkingdom	-_cellular organisms;d_Bacteria
ERR2604084	ERR2604084__k119_235596	no rank	-_cellular organisms
ERR2604084	ERR2604084__k119_89711	no rank	-_cellular organisms
ERR2604084	ERR2604084__k119_237004	species	-_cellular organisms;d_Bacteria;p_Pseudomonadota;c_Gammaproteobacteria;o_Methylococcales;f_Methylococcaceae;g_Methylomonas;-_unclassified Methylomonas;s_Methylomonas sp.
ERR2604084	ERR2604084__k119_138972	phylum	-_cellular organisms;d_Bacteria;p_Pseudomonadota
ERR2604084	ERR2604084__k119_181907	superkingdom	-_cellular organisms;d_Bacteria
ERR2604084	ERR2604084__k119_270248	superkingdom	-_cellular organisms;d_Bacteria
ERR2604099	ERR2604099__k119_9132	superkingdom	-_cellular organisms;d_Bacteria
ERR2604099	ERR2604099__k119_157044	family	-_cellular organisms;d_Bacteria;p_Pseudomonadota;c_Alphaproteobacteria;o_Rhodobacterales;f_Paracoccaceae
ERR2604099	ERR2604099__k119_53340	superkingdom	-_cellular organisms;d_Bacteria
ERR2604099	ERR2604099__k119_131577	class	-_cellular organisms;d_Bacteria;p_Pseudomonadota;c_Alphaproteobacteria
ERR2604099	ERR2604099__k119_106311	strain	-_cellular organisms;d_Bacteria;p_Pseudomonadota;c_Alphaproteobacteria;o_Rhodobacterales;f_Paracoccaceae;g_Cereibacter;s_Cereibacter sphaeroides;-_Cereibacter sphaeroides 2.4.1
ERR2604099	ERR2604099__k119_11854	no rank	-_cellular organisms
ERR2604099	ERR2604099__k119_63588	superkingdom	-_cellular organisms;d_Bacteria
ERR2604099	ERR2604099__k119_176704	superkingdom	-_cellular organisms;d_Bacteria
ERR2604099	ERR2604099__k119_47736	class	-_cellular organisms;d_Bacteria;p_Pseudomonadota;c_Gammaproteobacteria
ERR2604099	ERR2604099__k119_238206	family	-_cellular organisms;d_Bacteria;p_Pseudomonadota;c_Alphaproteobacteria;o_Rhodobacterales;f_Paracoccaceae
ERR2604075	ERR2604075__k119_71191	superkingdom	-_cellular organisms;d_Bacteria
ERR2604075	ERR2604075__k119_151174	superkingdom	-_cellular organisms;d_Bacteria
ERR2604075	ERR2604075__k119_222013	superkingdom	-_cellular organisms;d_Bacteria
ERR2604075	ERR2604075__k119_107176	superkingdom	-_cellular organisms;d_Bacteria
ERR2604075	ERR2604075__k119_124848	superkingdom	-_cellular organisms;d_Bacteria
ERR2604075	ERR2604075__k119_10115	class	-_cellular organisms;d_Bacteria;p_Pseudomonadota;c_Alphaproteobacteria
ERR2604075	ERR2604075__k119_28228	family	-_cellular organisms;d_Bacteria;p_Pseudomonadota;c_Alphaproteobacteria;o_Rhodobacterales;f_Paracoccaceae
ERR2604075	ERR2604075__k119_240826	superkingdom	-_cellular organisms;d_Bacteria
ERR2604075	ERR2604075__k119_82452	superkingdom	-_cellular organisms;d_Bacteria
ERR2604075	ERR2604075__k119_55976	superkingdom	-_cellular organisms;d_Bacteria
ERR2604081	ERR2604081__k119_176649	superkingdom	-_cellular organisms;d_Bacteria
ERR2604081	ERR2604081__k119_59873	family	-_cellular organisms;d_Bacteria;-_FCB group;-_Bacteroidota/Chlorobiota group;p_Bacteroidota;c_Flavobacteriia;o_Flavobacteriales;f_Flavobacteriaceae
ERR2604081	ERR2604081__k119_135532	no rank	-_cellular organisms
ERR2604081	ERR2604081__k119_194527	superkingdom	-_cellular organisms;d_Bacteria
ERR2604081	ERR2604081__k119_61152	phylum	-_cellular organisms;d_Bacteria;p_Pseudomonadota
ERR2604081	ERR2604081__k119_203649	superkingdom	-_cellular organisms;d_Bacteria
ERR2604081	ERR2604081__k119_86504	superkingdom	-_cellular organisms;d_Bacteria
ERR2604081	ERR2604081__k119_53749	clade	-_cellular organisms;d_Eukaryota;-_Opisthokonta;k_Metazoa;-_Eumetazoa;-_Bilateria;-_Deuterostomia;p_Chordata;-_Craniata;-_Vertebrata;-_Gnathostomata;-_Teleostomi;-_Euteleostomi;-_Sarcopterygii;-_Dipnotetrapodomorpha;-_Tetrapoda
ERR2604081	ERR2604081__k119_229758	phylum	-_cellular organisms;d_Bacteria;p_Pseudomonadota
ERR2604081	ERR2604081__k119_163631	clade	-_cellular organisms;d_Eukaryota;-_Opisthokonta;k_Metazoa;-_Eumetazoa;-_Bilateria;-_Deuterostomia;p_Chordata;-_Craniata;-_Vertebrata;-_Gnathostomata;-_Teleostomi;-_Euteleostomi;-_Sarcopterygii;-_Dipnotetrapodomorpha;-_Tetrapoda
ERR2604104	ERR2604104__k119_184718	no rank	-_cellular organisms
ERR2604104	ERR2604104__k119_32521	superkingdom	-_cellular organisms;d_Bacteria
ERR2604104	ERR2604104__k119_195145	phylum	-_cellular organisms;d_Bacteria;-_FCB group;-_Bacteroidota/Chlorobiota group;p_Bacteroidota
ERR2604104	ERR2604104__k119_165548	superkingdom	-_cellular organisms;d_Bacteria
ERR2604104	ERR2604104__k119_155564	superkingdom	-_cellular organisms;d_Bacteria
ERR2604104	ERR2604104__k119_166070	phylum	-_cellular organisms;d_Bacteria;p_Pseudomonadota
ERR2604104	ERR2604104__k119_14248	phylum	-_cellular organisms;d_Bacteria;-_FCB group;-_Bacteroidota/Chlorobiota group;p_Bacteroidota
ERR2604104	ERR2604104__k119_14308	phylum	-_cellular organisms;d_Bacteria;p_Pseudomonadota
ERR2604104	ERR2604104__k119_75451	superkingdom	-_cellular organisms;d_Bacteria
ERR2604104	ERR2604104__k119_268514	class	-_cellular organisms;d_Bacteria;p_Pseudomonadota;c_Alphaproteobacteria
ERR2604075	ERR2604075__k119_251344	class	-_cellular organisms;d_Bacteria;p_Pseudomonadota;c_Alphaproteobacteria
ERR2604075	ERR2604075__k119_126519	strain	-_cellular organisms;d_Bacteria;-_FCB group;-_Bacteroidota/Chlorobiota group;p_Bacteroidota;c_Bacteroidia;o_Bacteroidales;f_Bacteroidaceae;g_Bacteroides;s_Bacteroides thetaiotaomicron;-_Bacteroides thetaiotaomicron VPI-5482
ERR2604075	ERR2604075__k119_198755	family	-_cellular organisms;d_Bacteria;p_Pseudomonadota;c_Alphaproteobacteria;o_Rhodobacterales;f_Paracoccaceae
ERR2604075	ERR2604075__k119_74002	order	-_cellular organisms;d_Bacteria;-_Terrabacteria group;p_Actinomycetota;c_Actinomycetes;o_Mycobacteriales
ERR2604075	ERR2604075__k119_21378	family	-_cellular organisms;d_Bacteria;p_Pseudomonadota;c_Alphaproteobacteria;o_Rhodobacterales;f_Paracoccaceae
ERR2604075	ERR2604075__k119_172768	phylum	-_cellular organisms;d_Bacteria;p_Pseudomonadota
ERR2604075	ERR2604075__k119_92308	class	-_cellular organisms;d_Bacteria;p_Pseudomonadota;c_Gammaproteobacteria
ERR2604075	ERR2604075__k119_244834	family	-_cellular organisms;d_Bacteria;p_Pseudomonadota;c_Alphaproteobacteria;o_Rhodobacterales;f_Paracoccaceae
ERR2604075	ERR2604075__k119_49709	superkingdom	-_cellular organisms;d_Eukaryota
ERR2604075	ERR2604075__k119_41910	genus	-_cellular organisms;d_Bacteria;p_Pseudomonadota;c_Alphaproteobacteria;o_Rickettsiales;f_Rickettsiaceae;-_Rickettsieae;g_Rickettsia
ERR2604102	ERR2604102__k119_141367	family	-_cellular organisms;d_Bacteria;p_Pseudomonadota;c_Alphaproteobacteria;o_Rhodobacterales;f_Paracoccaceae
ERR2604102	ERR2604102__k119_42932	no rank	-_cellular organisms
ERR2604102	ERR2604102__k119_102356	superkingdom	-_cellular organisms;d_Bacteria
ERR2604103	ERR2604103__k119_118290	phylum	-_cellular organisms;d_Bacteria;p_Pseudomonadota
ERR2604103	ERR2604103__k119_82871	superkingdom	-_cellular organisms;d_Bacteria
ERR2604103	ERR2604103__k119_200760	superkingdom	-_cellular organisms;d_Bacteria
ERR2604103	ERR2604103__k119_101174	superkingdom	-_cellular organisms;d_Bacteria
ERR2604103	ERR2604103__k119_38221	class	-_cellular organisms;d_Bacteria;p_Pseudomonadota;c_Alphaproteobacteria
ERR2604103	ERR2604103__k119_11194	phylum	-_cellular organisms;d_Bacteria;p_Pseudomonadota
ERR2604103	ERR2604103__k119_21199	superkingdom	-_cellular organisms;d_Bacteria
ERR2604101	ERR2604101__k119_23818	family	-_cellular organisms;d_Bacteria;p_Pseudomonadota;c_Alphaproteobacteria;o_Rhodobacterales;f_Paracoccaceae
ERR2604101	ERR2604101__k119_256901	superkingdom	-_cellular organisms;d_Bacteria
ERR2604101	ERR2604101__k119_157972	superkingdom	-_cellular organisms;d_Bacteria
ERR2604101	ERR2604101__k119_314399	phylum	-_cellular organisms;d_Bacteria;p_Pseudomonadota
ERR2604101	ERR2604101__k119_326452	superkingdom	-_cellular organisms;d_Bacteria
ERR2604101	ERR2604101__k119_37798	phylum	-_cellular organisms;d_Bacteria;p_Pseudomonadota
ERR2604101	ERR2604101__k119_171526	order	-_cellular organisms;d_Bacteria;-_Terrabacteria group;p_Actinomycetota;c_Actinomycetes;o_Mycobacteriales
ERR2604093	ERR2604093__k119_32170	strain	-_cellular organisms;d_Bacteria;p_Pseudomonadota;c_Alphaproteobacteria;o_Rhodobacterales;f_Paracoccaceae;g_Cereibacter;s_Cereibacter sphaeroides;-_Cereibacter sphaeroides 2.4.1
ERR2604093	ERR2604093__k119_50277	superkingdom	-_cellular organisms;d_Bacteria
ERR2604093	ERR2604093__k119_135087	strain	-_cellular organisms;d_Bacteria;p_Pseudomonadota;c_Gammaproteobacteria;o_Pseudomonadales;f_Pseudomonadaceae;g_Pseudomonas;-_Pseudomonas aeruginosa group;s_Pseudomonas aeruginosa;-_Pseudomonas aeruginosa PAO1
ERR2604073	ERR2604073__k119_54183	superkingdom	-_cellular organisms;d_Bacteria
ERR2604074	ERR2604074__k119_46724	strain	-_cellular organisms;d_Archaea;p_Euryarchaeota;-_Stenosarchaea group;c_Halobacteria;o_Halobacteriales;f_Haloarculaceae;g_Haloarcula;s_Haloarcula japonica;-_Haloarcula japonica DSM 6131
ERR2604074	ERR2604074__k119_106647	superkingdom	-_cellular organisms;d_Archaea
ERR2604074	ERR2604074__k119_34072	strain	-_cellular organisms;d_Archaea;p_Euryarchaeota;-_Stenosarchaea group;c_Halobacteria;o_Halobacteriales;f_Haloarculaceae;g_Haloarcula;s_Haloarcula japonica;-_Haloarcula japonica DSM 6131
ERR2604074	ERR2604074__k119_167632	no rank	-_cellular organisms
ERR2604074	ERR2604074__k119_27846	superkingdom	-_cellular organisms;d_Bacteria
ERR2604074	ERR2604074__k119_27849	superkingdom	-_cellular organisms;d_Bacteria
ERR2604074	ERR2604074__k119_114817	superkingdom	-_cellular organisms;d_Bacteria
ERR2604074	ERR2604074__k119_115014	phylum	-_cellular organisms;d_Bacteria;p_Pseudomonadota
ERR2604074	ERR2604074__k119_188186	order	-_cellular organisms;d_Bacteria;-_Terrabacteria group;p_Actinomycetota;c_Actinomycetes;o_Mycobacteriales
ERR2604086	ERR2604086__k119_172195	family	-_cellular organisms;d_Bacteria;p_Pseudomonadota;c_Gammaproteobacteria;o_Pseudomonadales;f_Pseudomonadaceae
ERR2604086	ERR2604086__k119_294594	class	-_cellular organisms;d_Bacteria;p_Pseudomonadota;c_Alphaproteobacteria
ERR2604086	ERR2604086__k119_32603	class	-_cellular organisms;d_Bacteria;-_FCB group;-_Bacteroidota/Chlorobiota group;p_Bacteroidota;c_Flavobacteriia
ERR2604086	ERR2604086__k119_154220	class	-_cellular organisms;d_Bacteria;p_Pseudomonadota;c_Alphaproteobacteria
ERR2604086	ERR2604086__k119_214593	no rank	-_cellular organisms
ERR2604086	ERR2604086__k119_74522	genus	-_cellular organisms;d_Bacteria;-_Terrabacteria group;p_Actinomycetota;c_Actinomycetes;o_Kitasatosporales;f_Streptomycetaceae;g_Streptomyces
ERR2604086	ERR2604086__k119_277023	phylum	-_cellular organisms;d_Bacteria;p_Pseudomonadota
ERR2604086	ERR2604086__k119_277510	superkingdom	-_cellular organisms;d_Archaea
ERR2604086	ERR2604086__k119_258165	phylum	-_cellular organisms;d_Bacteria;p_Pseudomonadota
ERR2604086	ERR2604086__k119_16923	superkingdom	-_cellular organisms;d_Bacteria
ERR2604099	ERR2604099__k119_22722	phylum	-_cellular organisms;d_Bacteria;p_Pseudomonadota
ERR2604099	ERR2604099__k119_5796	strain	-_cellular organisms;d_Archaea;p_Euryarchaeota;-_Stenosarchaea group;c_Halobacteria;o_Halobacteriales;f_Haloarculaceae;g_Haloarcula;s_Haloarcula japonica;-_Haloarcula japonica DSM 6131
ERR2604099	ERR2604099__k119_15046	order	-_cellular organisms;d_Bacteria;p_Pseudomonadota;c_Alphaproteobacteria;o_Rhodobacterales
ERR2604099	ERR2604099__k119_160498	order	-_cellular organisms;d_Bacteria;p_Pseudomonadota;c_Alphaproteobacteria;o_Rhodobacterales
ERR2604099	ERR2604099__k119_143162	family	-_cellular organisms;d_Bacteria;p_Pseudomonadota;c_Alphaproteobacteria;o_Rhodobacterales;f_Paracoccaceae
ERR2604099	ERR2604099__k119_128674	phylum	-_cellular organisms;d_Bacteria;p_Pseudomonadota
ERR2604099	ERR2604099__k119_8694	superkingdom	-_cellular organisms;d_Bacteria
ERR2604099	ERR2604099__k119_171198	family	-_cellular organisms;d_Bacteria;-_FCB group;-_Bacteroidota/Chlorobiota group;p_Bacteroidota;c_Flavobacteriia;o_Flavobacteriales;f_Flavobacteriaceae
ERR2604099	ERR2604099__k119_162488	strain	-_cellular organisms;d_Archaea;p_Euryarchaeota;-_Stenosarchaea group;c_Halobacteria;o_Halobacteriales;f_Haloarculaceae;g_Haloarcula;s_Haloarcula japonica;-_Haloarcula japonica DSM 6131
ERR2604099	ERR2604099__k119_172350	order	-_cellular organisms;d_Bacteria;-_Terrabacteria group;p_Actinomycetota;c_Actinomycetes;o_Mycobacteriales
ERR2604076	ERR2604076__k119_80232	no rank	-_cellular organisms
ERR2604076	ERR2604076__k119_137408	family	-_cellular organisms;d_Bacteria;p_Pseudomonadota;c_Alphaproteobacteria;o_Rhodobacterales;f_Paracoccaceae
ERR2604076	ERR2604076__k119_58798	strain	-_cellular organisms;d_Archaea;p_Euryarchaeota;-_Stenosarchaea group;c_Halobacteria;o_Halobacteriales;f_Haloarculaceae;g_Haloarcula;s_Haloarcula japonica;-_Haloarcula japonica DSM 6131
ERR2604076	ERR2604076__k119_24965	order	-_cellular organisms;d_Bacteria;p_Pseudomonadota;c_Alphaproteobacteria;o_Rhodobacterales
ERR2604076	ERR2604076__k119_93793	phylum	-_cellular organisms;d_Bacteria;p_Pseudomonadota
ERR2604076	ERR2604076__k119_77291	phylum	-_cellular organisms;d_Bacteria;-_FCB group;-_Bacteroidota/Chlorobiota group;p_Bacteroidota
ERR2604076	ERR2604076__k119_162427	superkingdom	-_cellular organisms;d_Bacteria
ERR2604076	ERR2604076__k119_156885	family	-_cellular organisms;d_Bacteria;p_Pseudomonadota;c_Alphaproteobacteria;o_Rhodobacterales;f_Paracoccaceae
ERR2604076	ERR2604076__k119_168223	family	-_cellular organisms;d_Bacteria;-_FCB group;-_Bacteroidota/Chlorobiota group;p_Bacteroidota;c_Flavobacteriia;o_Flavobacteriales;f_Flavobacteriaceae
ERR2604076	ERR2604076__k119_157711	superkingdom	-_cellular organisms;d_Archaea
ERR2604081	ERR2604081__k119_129823	superkingdom	-_cellular organisms;d_Bacteria
ERR2604081	ERR2604081__k119_21520	family	-_cellular organisms;d_Bacteria;-_FCB group;-_Bacteroidota/Chlorobiota group;p_Bacteroidota;c_Flavobacteriia;o_Flavobacteriales;f_Flavobacteriaceae
ERR2604081	ERR2604081__k119_79678	phylum	-_cellular organisms;d_Bacteria;p_Pseudomonadota
ERR2604081	ERR2604081__k119_88436	strain	-_cellular organisms;d_Bacteria;p_Pseudomonadota;c_Alphaproteobacteria;o_Rhodobacterales;f_Paracoccaceae;g_Cereibacter;s_Cereibacter sphaeroides;-_Cereibacter sphaeroides 2.4.1
ERR2604081	ERR2604081__k119_156961	superkingdom	-_cellular organisms;d_Bacteria
ERR2604081	ERR2604081__k119_157573	no rank	-_cellular organisms
ERR2604081	ERR2604081__k119_140730	phylum	-_cellular organisms;d_Bacteria;p_Pseudomonadota
ERR2604081	ERR2604081__k119_98613	phylum	-_cellular organisms;d_Bacteria;p_Pseudomonadota
ERR2604081	ERR2604081__k119_7734	superkingdom	-_cellular organisms;d_Bacteria
ERR2604082	ERR2604082__k119_103832	strain	-_cellular organisms;d_Bacteria;p_Pseudomonadota;c_Betaproteobacteria;o_Neisseriales;f_Chromobacteriaceae;g_Chromobacterium;s_Chromobacterium violaceum;-_Chromobacterium violaceum ATCC 12472
ERR2604092	ERR2604092__k119_47662	superkingdom	-_cellular organisms;d_Bacteria
ERR2604092	ERR2604092__k119_114997	superkingdom	-_cellular organisms;d_Bacteria
ERR2604092	ERR2604092__k119_74809	superkingdom	-_cellular organisms;d_Bacteria
ERR2604092	ERR2604092__k119_957	superkingdom	-_cellular organisms;d_Bacteria
ERR2604092	ERR2604092__k119_54896	family	-_cellular organisms;d_Bacteria;p_Pseudomonadota;c_Alphaproteobacteria;o_Rhodobacterales;f_Roseobacteraceae
ERR2604092	ERR2604092__k119_7624	strain	-_cellular organisms;d_Bacteria;p_Spirochaetota;c_Spirochaetia;o_Spirochaetales;f_Borreliaceae;g_Borreliella;s_Borreliella burgdorferi;-_Borreliella burgdorferi B31
ERR2604092	ERR2604092__k119_48354	superkingdom	-_cellular organisms;d_Bacteria
ERR2604092	ERR2604092__k119_129312	phylum	-_cellular organisms;d_Bacteria;p_Pseudomonadota
ERR2604092	ERR2604092__k119_109450	superkingdom	-_cellular organisms;d_Archaea
ERR2604092	ERR2604092__k119_109864	order	-_cellular organisms;d_Bacteria;-_Terrabacteria group;p_Actinomycetota;c_Actinomycetes;o_Mycobacteriales
ERR2604079	ERR2604079__k119_196031	no rank	-_cellular organisms
ERR2604079	ERR2604079__k119_78584	order	-_cellular organisms;d_Bacteria;p_Pseudomonadota;c_Alphaproteobacteria;o_Rhodobacterales
ERR2604079	ERR2604079__k119_64247	family	-_cellular organisms;d_Bacteria;p_Pseudomonadota;c_Alphaproteobacteria;o_Rhodobacterales;f_Paracoccaceae
ERR2604079	ERR2604079__k119_50180	class	-_cellular organisms;d_Bacteria;p_Pseudomonadota;c_Alphaproteobacteria
ERR2604080	ERR2604080__k119_61809	phylum	-_cellular organisms;d_Bacteria;-_FCB group;-_Bacteroidota/Chlorobiota group;p_Bacteroidota
ERR2604080	ERR2604080__k119_257225	superkingdom	-_cellular organisms;d_Bacteria
ERR2604080	ERR2604080__k119_103243	phylum	-_cellular organisms;d_Bacteria;p_Pseudomonadota
ERR2604080	ERR2604080__k119_236822	superkingdom	-_cellular organisms;d_Bacteria
ERR2604080	ERR2604080__k119_267879	superkingdom	-_cellular organisms;d_Bacteria
ERR2604080	ERR2604080__k119_103656	phylum	-_cellular organisms;d_Bacteria;p_Pseudomonadota
ERR2604097	ERR2604097__k119_97323	species	-_cellular organisms;d_Bacteria;p_Pseudomonadota;c_Gammaproteobacteria;o_Methylococcales;f_Methylococcaceae;g_Methylomonas;-_unclassified Methylomonas;s_Methylomonas sp.
ERR2604097	ERR2604097__k119_89093	superkingdom	-_cellular organisms;d_Bacteria
ERR2604098	ERR2604098__k119_231286	superkingdom	-_cellular organisms;d_Bacteria
ERR2604098	ERR2604098__k119_126263	class	-_cellular organisms;d_Bacteria;p_Pseudomonadota;c_Gammaproteobacteria
ERR2604098	ERR2604098__k119_126675	phylum	-_cellular organisms;d_Bacteria;p_Pseudomonadota
ERR2604098	ERR2604098__k119_274359	superkingdom	-_cellular organisms;d_Bacteria
ERR2604098	ERR2604098__k119_106334	superkingdom	-_cellular organisms;d_Bacteria
ERR2604098	ERR2604098__k119_137774	superkingdom	-_cellular organisms;d_Bacteria
ERR2604098	ERR2604098__k119_211631	species	-_cellular organisms;d_Bacteria;-_Terrabacteria group;p_Bacillota;c_Bacilli;o_Bacillales;f_Bacillaceae;g_Bacillus;-_Bacillus subtilis group;s_Bacillus subtilis
ERR2604098	ERR2604098__k119_75135	strain	-_cellular organisms;d_Archaea;p_Euryarchaeota;-_Stenosarchaea group;c_Halobacteria;o_Halobacteriales;f_Haloarculaceae;g_Haloarcula;s_Haloarcula japonica;-_Haloarcula japonica DSM 6131
ERR2604094	ERR2604094__k119_45491	superkingdom	-_cellular organisms;d_Bacteria
ERR2604094	ERR2604094__k119_81439	strain	-_cellular organisms;d_Bacteria;p_Pseudomonadota;c_Alphaproteobacteria;o_Rhodobacterales;f_Paracoccaceae;g_Cereibacter;s_Cereibacter sphaeroides;-_Cereibacter sphaeroides 2.4.1
ERR2604094	ERR2604094__k119_197326	strain	-_cellular organisms;d_Bacteria;-_Terrabacteria group;p_Bacillota;c_Bacilli;o_Bacillales;f_Bacillaceae;g_Halalkalibacterium (ex Joshi et al. 2022);s_Halalkalibacterium halodurans;-_Halalkalibacterium halodurans C-125
ERR2604094	ERR2604094__k119_189824	phylum	-_cellular organisms;d_Bacteria;-_FCB group;-_Bacteroidota/Chlorobiota group;p_Bacteroidota
ERR2604094	ERR2604094__k119_31830	phylum	-_cellular organisms;d_Bacteria;p_Pseudomonadota
ERR2604094	ERR2604094__k119_24835	no rank	-_cellular organisms
ERR2604094	ERR2604094__k119_31895	superkingdom	-_cellular organisms;d_Bacteria
ERR2604094	ERR2604094__k119_3271	superkingdom	-_cellular organisms;d_Bacteria
ERR2604094	ERR2604094__k119_68420	phylum	-_cellular organisms;d_Bacteria;p_Pseudomonadota
ERR2604094	ERR2604094__k119_198442	superkingdom	-_cellular organisms;d_Bacteria
ERR2604106	ERR2604106__k119_92698	no rank	-_cellular organisms
ERR2604106	ERR2604106__k119_198148	no rank	-_cellular organisms
ERR2604106	ERR2604106__k119_198325	class	-_cellular organisms;d_Bacteria;p_Pseudomonadota;c_Gammaproteobacteria
ERR2604106	ERR2604106__k119_53888	family	-_cellular organisms;d_Bacteria;p_Pseudomonadota;c_Alphaproteobacteria;o_Rhodobacterales;f_Paracoccaceae
ERR2604106	ERR2604106__k119_27769	superkingdom	-_cellular organisms;d_Bacteria
ERR2604106	ERR2604106__k119_146866	strain	-_cellular organisms;d_Bacteria;p_Pseudomonadota;c_Gammaproteobacteria;o_Alteromonadales;f_Shewanellaceae;g_Shewanella;s_Shewanella oneidensis;-_Shewanella oneidensis MR-1
ERR2604106	ERR2604106__k119_173357	family	-_cellular organisms;d_Bacteria;p_Pseudomonadota;c_Alphaproteobacteria;o_Rhodobacterales;f_Paracoccaceae
ERR2604106	ERR2604106__k119_319378	superkingdom	-_cellular organisms;d_Bacteria
ERR2604106	ERR2604106__k119_135178	class	-_cellular organisms;d_Bacteria;p_Pseudomonadota;c_Alphaproteobacteria
ERR2604106	ERR2604106__k119_320126	family	-_cellular organisms;d_Bacteria;p_Pseudomonadota;c_Alphaproteobacteria;o_Rhodobacterales;f_Paracoccaceae
ERR2604097	ERR2604097__k119_118545	superkingdom	-_cellular organisms;d_Bacteria
ERR2604097	ERR2604097__k119_101682	superkingdom	-_cellular organisms;d_Bacteria
ERR2604097	ERR2604097__k119_203281	superkingdom	-_cellular organisms;d_Bacteria
ERR2604097	ERR2604097__k119_195420	order	-_cellular organisms;d_Bacteria;-_Terrabacteria group;p_Actinomycetota;c_Actinomycetes;o_Mycobacteriales
ERR2604099	ERR2604099__k119_207344	clade	-_cellular organisms;d_Eukaryota;-_Opisthokonta;k_Metazoa;-_Eumetazoa;-_Bilateria;-_Deuterostomia;p_Chordata;-_Craniata;-_Vertebrata;-_Gnathostomata;-_Teleostomi;-_Euteleostomi;-_Sarcopterygii;-_Dipnotetrapodomorpha;-_Tetrapoda
ERR2604099	ERR2604099__k119_207818	phylum	-_cellular organisms;d_Bacteria;p_Pseudomonadota
ERR2604099	ERR2604099__k119_164944	family	-_cellular organisms;d_Bacteria;p_Pseudomonadota;c_Alphaproteobacteria;o_Rhodobacterales;f_Paracoccaceae
ERR2604100	ERR2604100__k119_125391	order	-_cellular organisms;d_Bacteria;-_Terrabacteria group;-_Cyanobacteriota/Melainabacteria group;p_Cyanobacteriota;c_Cyanophyceae;o_Synechococcales
ERR2604100	ERR2604100__k119_73921	no rank	-_cellular organisms
ERR2604100	ERR2604100__k119_22258	phylum	-_cellular organisms;d_Bacteria;-_FCB group;-_Bacteroidota/Chlorobiota group;p_Bacteroidota
ERR2604100	ERR2604100__k119_162493	family	-_cellular organisms;d_Bacteria;p_Pseudomonadota;c_Alphaproteobacteria;o_Rhodobacterales;f_Paracoccaceae
ERR2604100	ERR2604100__k119_37248	strain	-_cellular organisms;d_Bacteria;-_Terrabacteria group;p_Bacillota;c_Bacilli;o_Bacillales;f_Bacillaceae;g_Bacillus;-_Bacillus subtilis group;s_Bacillus subtilis;-_Bacillus subtilis subsp. subtilis;-_Bacillus subtilis subsp. subtilis str. 168
ERR2604100	ERR2604100__k119_66737	family	-_cellular organisms;d_Bacteria;p_Pseudomonadota;c_Alphaproteobacteria;o_Rhodobacterales;f_Paracoccaceae
ERR2604100	ERR2604100__k119_81428	order	-_cellular organisms;d_Bacteria;-_Terrabacteria group;-_Cyanobacteriota/Melainabacteria group;p_Cyanobacteriota;c_Cyanophyceae;o_Synechococcales
ERR2604109	ERR2604109__k119_104065	no rank	-_cellular organisms
ERR2604109	ERR2604109__k119_190405	superkingdom	-_cellular organisms;d_Bacteria
ERR2604109	ERR2604109__k119_95968	no rank	-_cellular organisms
ERR2604109	ERR2604109__k119_216708	superkingdom	-_cellular organisms;d_Bacteria
ERR2604109	ERR2604109__k119_2727	superkingdom	-_cellular organisms;d_Bacteria
ERR2604109	ERR2604109__k119_22098	no rank	-_cellular organisms
ERR2604109	ERR2604109__k119_90830	phylum	-_cellular organisms;d_Bacteria;-_FCB group;-_Bacteroidota/Chlorobiota group;p_Bacteroidota
ERR2604109	ERR2604109__k119_13856	superkingdom	-_cellular organisms;d_Bacteria
ERR2604110	ERR2604110__k119_113562	no rank	-_cellular organisms
ERR2604110	ERR2604110__k119_162021	no rank	-_root
ERR2604077	ERR2604077__k119_23395	family	-_cellular organisms;d_Bacteria;p_Pseudomonadota;c_Alphaproteobacteria;o_Rhodobacterales;f_Paracoccaceae
ERR2604077	ERR2604077__k119_53385	family	-_cellular organisms;d_Bacteria;-_FCB group;-_Bacteroidota/Chlorobiota group;p_Bacteroidota;c_Flavobacteriia;o_Flavobacteriales;f_Flavobacteriaceae
ERR2604078	ERR2604078__k119_110998	class	-_cellular organisms;d_Bacteria;p_Pseudomonadota;c_Gammaproteobacteria
ERR2604078	ERR2604078__k119_185166	superkingdom	-_cellular organisms;d_Bacteria
ERR2604078	ERR2604078__k119_155944	superkingdom	-_cellular organisms;d_Bacteria
ERR2604078	ERR2604078__k119_192627	superkingdom	-_cellular organisms;d_Bacteria
ERR2604078	ERR2604078__k119_192670	superkingdom	-_cellular organisms;d_Bacteria
ERR2604078	ERR2604078__k119_104668	no rank	-_cellular organisms
ERR2604078	ERR2604078__k119_82717	superkingdom	-_cellular organisms;d_Bacteria
ERR2604078	ERR2604078__k119_215391	strain	-_cellular organisms;d_Bacteria;p_Pseudomonadota;c_Alphaproteobacteria;o_Rhodobacterales;f_Paracoccaceae;g_Cereibacter;s_Cereibacter sphaeroides;-_Cereibacter sphaeroides 2.4.1
ERR2604087	ERR2604087__k119_126960	strain	-_cellular organisms;d_Bacteria;p_Pseudomonadota;c_Alphaproteobacteria;o_Hyphomicrobiales;f_Rhizobiaceae;-_Rhizobium/Agrobacterium group;g_Agrobacterium;-_Agrobacterium tumefaciens complex;s_Agrobacterium fabrum;-_Agrobacterium fabrum str. C58
ERR2604087	ERR2604087__k119_206768	no rank	-_cellular organisms
ERR2604087	ERR2604087__k119_120292	class	-_cellular organisms;d_Bacteria;p_Pseudomonadota;c_Alphaproteobacteria
ERR2604087	ERR2604087__k119_130628	superkingdom	-_cellular organisms;d_Bacteria
ERR2604087	ERR2604087__k119_200627	class	-_cellular organisms;d_Bacteria;p_Pseudomonadota;c_Alphaproteobacteria
ERR2604088	ERR2604088__k119_111249	genus	-_cellular organisms;d_Bacteria;-_Terrabacteria group;p_Actinomycetota;c_Actinomycetes;o_Kitasatosporales;f_Streptomycetaceae;g_Streptomyces
ERR2604088	ERR2604088__k119_156069	class	-_cellular organisms;d_Bacteria;p_Pseudomonadota;c_Gammaproteobacteria
ERR2604088	ERR2604088__k119_63734	superkingdom	-_cellular organisms;d_Bacteria
ERR2604088	ERR2604088__k119_8575	phylum	-_cellular organisms;d_Bacteria;p_Pseudomonadota
ERR2604088	ERR2604088__k119_33754	superkingdom	-_cellular organisms;d_Archaea
ERR2604100	ERR2604100__k119_192290	superkingdom	-_cellular organisms;d_Bacteria
ERR2604100	ERR2604100__k119_148273	order	-_cellular organisms;d_Bacteria;-_Terrabacteria group;p_Actinomycetota;c_Actinomycetes;o_Mycobacteriales
ERR2604100	ERR2604100__k119_89129	class	-_cellular organisms;d_Bacteria;p_Pseudomonadota;c_Gammaproteobacteria
ERR2604100	ERR2604100__k119_199988	class	-_cellular organisms;d_Bacteria;p_Pseudomonadota;c_Alphaproteobacteria
ERR2604100	ERR2604100__k119_44814	order	-_cellular organisms;d_Bacteria;p_Pseudomonadota;c_Alphaproteobacteria;o_Rhodobacterales
ERR2604100	ERR2604100__k119_155613	superkingdom	-_cellular organisms;d_Bacteria
ERR2604100	ERR2604100__k119_37866	class	-_cellular organisms;d_Bacteria;p_Pseudomonadota;c_Gammaproteobacteria
ERR2604100	ERR2604100__k119_112081	superkingdom	-_cellular organisms;d_Bacteria
ERR2604100	ERR2604100__k119_208085	no rank	-_cellular organisms
ERR2604100	ERR2604100__k119_134380	class	-_cellular organisms;d_Bacteria;-_Terrabacteria group;p_Actinomycetota;c_Actinomycetes
ERR2604106	ERR2604106__k119_83086	phylum	-_cellular organisms;d_Bacteria;p_Pseudomonadota
ERR2604106	ERR2604106__k119_70117	strain	-_cellular organisms;d_Bacteria;p_Pseudomonadota;c_Betaproteobacteria;o_Rhodocyclales;f_Rhodocyclaceae;g_Aromatoleum;s_Aromatoleum aromaticum;-_Aromatoleum aromaticum EbN1
ERR2604106	ERR2604106__k119_321550	class	-_cellular organisms;d_Bacteria;p_Pseudomonadota;c_Alphaproteobacteria
ERR2604106	ERR2604106__k119_4860	superkingdom	-_cellular organisms;d_Bacteria
ERR2604106	ERR2604106__k119_244148	superkingdom	-_cellular organisms;d_Bacteria
ERR2604106	ERR2604106__k119_297539	superkingdom	-_cellular organisms;d_Eukaryota
ERR2604106	ERR2604106__k119_337850	family	-_cellular organisms;d_Bacteria;-_FCB group;-_Bacteroidota/Chlorobiota group;p_Bacteroidota;c_Flavobacteriia;o_Flavobacteriales;f_Flavobacteriaceae
ERR2604106	ERR2604106__k119_377342	order	-_cellular organisms;d_Bacteria;-_Terrabacteria group;p_Actinomycetota;c_Actinomycetes;o_Mycobacteriales
ERR2604097	ERR2604097__k119_3470	phylum	-_cellular organisms;d_Bacteria;p_Pseudomonadota
ERR2604097	ERR2604097__k119_113514	superkingdom	-_cellular organisms;d_Archaea
ERR2604094	ERR2604094__k119_80053	superkingdom	-_cellular organisms;d_Bacteria
ERR2604094	ERR2604094__k119_180031	superkingdom	-_cellular organisms;d_Bacteria
ERR2604094	ERR2604094__k119_1583	no rank	-_cellular organisms
ERR2604094	ERR2604094__k119_15954	phylum	-_cellular organisms;d_Bacteria;p_Pseudomonadota
ERR2604094	ERR2604094__k119_180136	order	-_cellular organisms;d_Bacteria;p_Pseudomonadota;c_Alphaproteobacteria;o_Rhodobacterales
ERR2604094	ERR2604094__k119_66456	phylum	-_cellular organisms;d_Bacteria;p_Pseudomonadota
ERR2604094	ERR2604094__k119_59079	family	-_cellular organisms;d_Bacteria;-_FCB group;-_Bacteroidota/Chlorobiota group;p_Bacteroidota;c_Flavobacteriia;o_Flavobacteriales;f_Flavobacteriaceae
ERR2604094	ERR2604094__k119_167424	phylum	-_cellular organisms;d_Bacteria;-_FCB group;-_Bacteroidota/Chlorobiota group;p_Bacteroidota
ERR2604094	ERR2604094__k119_138835	superkingdom	-_cellular organisms;d_Bacteria
ERR2604094	ERR2604094__k119_188866	family	-_cellular organisms;d_Bacteria;p_Pseudomonadota;c_Alphaproteobacteria;o_Rhodobacterales;f_Paracoccaceae
ERR2604073	ERR2604073__k119_78126	no rank	-_cellular organisms
ERR2604073	ERR2604073__k119_195262	class	-_cellular organisms;d_Bacteria;p_Pseudomonadota;c_Alphaproteobacteria
ERR2604073	ERR2604073__k119_164696	order	-_cellular organisms;d_Bacteria;p_Pseudomonadota;c_Alphaproteobacteria;o_Rhodobacterales
ERR2604073	ERR2604073__k119_63510	superkingdom	-_cellular organisms;d_Archaea
ERR2604073	ERR2604073__k119_48486	phylum	-_cellular organisms;d_Bacteria;p_Pseudomonadota
ERR2604073	ERR2604073__k119_2109	class	-_cellular organisms;d_Bacteria;p_Pseudomonadota;c_Gammaproteobacteria
ERR2604073	ERR2604073__k119_88721	order	-_cellular organisms;d_Bacteria;-_Terrabacteria group;p_Actinomycetota;c_Actinomycetes;o_Mycobacteriales
ERR2604073	ERR2604073__k119_221536	phylum	-_cellular organisms;d_Bacteria;p_Pseudomonadota
ERR2604073	ERR2604073__k119_216347	superkingdom	-_cellular organisms;d_Bacteria
ERR2604073	ERR2604073__k119_162775	superkingdom	-_cellular organisms;d_Bacteria
ERR2604083	ERR2604083__k119_9327	order	-_cellular organisms;d_Bacteria;-_Terrabacteria group;p_Actinomycetota;c_Actinomycetes;o_Mycobacteriales
ERR2604083	ERR2604083__k119_252711	order	-_cellular organisms;d_Bacteria;-_Terrabacteria group;p_Actinomycetota;c_Actinomycetes;o_Mycobacteriales
ERR2604083	ERR2604083__k119_114577	clade	-_cellular organisms;d_Eukaryota;-_Opisthokonta;k_Metazoa;-_Eumetazoa;-_Bilateria;-_Deuterostomia;p_Chordata;-_Craniata;-_Vertebrata;-_Gnathostomata;-_Teleostomi;-_Euteleostomi;-_Sarcopterygii;-_Dipnotetrapodomorpha;-_Tetrapoda
ERR2604083	ERR2604083__k119_185110	no rank	-_cellular organisms
ERR2604083	ERR2604083__k119_228608	superkingdom	-_cellular organisms;d_Bacteria
ERR2604083	ERR2604083__k119_28733	superkingdom	-_cellular organisms;d_Bacteria
ERR2604083	ERR2604083__k119_142509	superkingdom	-_cellular organisms;d_Bacteria
ERR2604083	ERR2604083__k119_29100	family	-_cellular organisms;d_Bacteria;-_FCB group;-_Bacteroidota/Chlorobiota group;p_Bacteroidota;c_Flavobacteriia;o_Flavobacteriales;f_Flavobacteriaceae
ERR2604083	ERR2604083__k119_90231	phylum	-_cellular organisms;d_Bacteria;p_Pseudomonadota
ERR2604083	ERR2604083__k119_239027	superkingdom	-_cellular organisms;d_Bacteria
ERR2604100	ERR2604100__k119_91820	phylum	-_cellular organisms;d_Bacteria;p_Pseudomonadota
ERR2604100	ERR2604100__k119_77037	superkingdom	-_cellular organisms;d_Bacteria
ERR2604100	ERR2604100__k119_47641	no rank	-_cellular organisms
ERR2604100	ERR2604100__k119_137106	no rank	-_cellular organisms
ERR2604100	ERR2604100__k119_159275	family	-_cellular organisms;d_Bacteria;p_Pseudomonadota;c_Alphaproteobacteria;o_Rhodobacterales;f_Paracoccaceae
ERR2604100	ERR2604100__k119_182244	order	-_cellular organisms;d_Bacteria;p_Pseudomonadota;c_Alphaproteobacteria;o_Rhodobacterales
ERR2604100	ERR2604100__k119_70489	phylum	-_cellular organisms;d_Bacteria;p_Pseudomonadota
ERR2604100	ERR2604100__k119_92902	family	-_cellular organisms;d_Bacteria;p_Pseudomonadota;c_Alphaproteobacteria;o_Rhodobacterales;f_Paracoccaceae
ERR2604100	ERR2604100__k119_107752	clade	-_cellular organisms;d_Eukaryota;-_Opisthokonta;k_Metazoa;-_Eumetazoa;-_Bilateria;-_Deuterostomia;p_Chordata;-_Craniata;-_Vertebrata;-_Gnathostomata;-_Teleostomi;-_Euteleostomi;-_Sarcopterygii;-_Dipnotetrapodomorpha;-_Tetrapoda
ERR2604100	ERR2604100__k119_219226	superkingdom	-_cellular organisms;d_Bacteria
ERR2604095	ERR2604095__k119_20290	superkingdom	-_cellular organisms;d_Bacteria
ERR2604095	ERR2604095__k119_106789	superkingdom	-_cellular organisms;d_Bacteria
ERR2604095	ERR2604095__k119_115520	no rank	-_cellular organisms
ERR2604095	ERR2604095__k119_185415	family	-_cellular organisms;d_Bacteria;p_Pseudomonadota;c_Alphaproteobacteria;o_Rhodobacterales;f_Paracoccaceae
ERR2604095	ERR2604095__k119_228463	superkingdom	-_cellular organisms;d_Bacteria
ERR2604095	ERR2604095__k119_185838	superkingdom	-_cellular organisms;d_Bacteria
ERR2604095	ERR2604095__k119_186027	clade	-_cellular organisms;d_Eukaryota;-_Opisthokonta;k_Metazoa;-_Eumetazoa;-_Bilateria;-_Deuterostomia;p_Chordata;-_Craniata;-_Vertebrata;-_Gnathostomata;-_Teleostomi;-_Euteleostomi;-_Sarcopterygii;-_Dipnotetrapodomorpha;-_Tetrapoda
ERR2604095	ERR2604095__k119_116363	superkingdom	-_cellular organisms;d_Bacteria
ERR2604095	ERR2604095__k119_186473	superkingdom	-_cellular organisms;d_Bacteria
ERR2604095	ERR2604095__k119_161584	superkingdom	-_cellular organisms;d_Bacteria
ERR2604090	ERR2604090__k119_15194	superkingdom	-_cellular organisms;d_Bacteria
ERR2604091	ERR2604091__k119_168907	phylum	-_cellular organisms;d_Bacteria;p_Pseudomonadota
ERR2604091	ERR2604091__k119_181624	no rank	-_cellular organisms
ERR2604091	ERR2604091__k119_144080	order	-_cellular organisms;d_Bacteria;-_Terrabacteria group;-_Cyanobacteriota/Melainabacteria group;p_Cyanobacteriota;c_Cyanophyceae;o_Synechococcales
ERR2604091	ERR2604091__k119_119182	strain	-_cellular organisms;d_Archaea;p_Euryarchaeota;-_Stenosarchaea group;c_Halobacteria;o_Halobacteriales;f_Haloarculaceae;g_Haloarcula;s_Haloarcula japonica;-_Haloarcula japonica DSM 6131
ERR2604091	ERR2604091__k119_437	no rank	-_cellular organisms
ERR2604091	ERR2604091__k119_56597	no rank	-_cellular organisms
ERR2604091	ERR2604091__k119_6720	species	-_cellular organisms;d_Bacteria;-_Terrabacteria group;p_Actinomycetota;c_Actinomycetes;o_Mycobacteriales;f_Mycobacteriaceae;g_Mycobacterium;-_Mycobacterium tuberculosis complex;s_Mycobacterium tuberculosis
ERR2604091	ERR2604091__k119_107015	order	-_cellular organisms;d_Bacteria;-_Terrabacteria group;-_Cyanobacteriota/Melainabacteria group;p_Cyanobacteriota;c_Cyanophyceae;o_Synechococcales
ERR2604091	ERR2604091__k119_113493	order	-_cellular organisms;d_Bacteria;p_Pseudomonadota;c_Alphaproteobacteria;o_Rhodobacterales
ERR2604086	ERR2604086__k119_260765	no rank	-_cellular organisms
ERR2604086	ERR2604086__k119_7726	superkingdom	-_cellular organisms;d_Bacteria
ERR2604086	ERR2604086__k119_300983	phylum	-_cellular organisms;d_Bacteria;p_Pseudomonadota
ERR2604086	ERR2604086__k119_221518	phylum	-_cellular organisms;d_Bacteria;p_Pseudomonadota
ERR2604086	ERR2604086__k119_261756	superkingdom	-_cellular organisms;d_Bacteria
ERR2604086	ERR2604086__k119_58817	superkingdom	-_cellular organisms;d_Archaea
ERR2604086	ERR2604086__k119_291904	strain	-_cellular organisms;d_Bacteria;-_PVC group;p_Planctomycetota;c_Planctomycetia;o_Pirellulales;f_Pirellulaceae;g_Rhodopirellula;s_Rhodopirellula baltica;-_Rhodopirellula baltica SH 1
ERR2604087	ERR2604087__k119_136052	phylum	-_cellular organisms;d_Bacteria;p_Pseudomonadota
ERR2604087	ERR2604087__k119_11454	superkingdom	-_cellular organisms;d_Bacteria
ERR2604087	ERR2604087__k119_136530	superkingdom	-_cellular organisms;d_Archaea
ERR2604100	ERR2604100__k119_23782	phylum	-_cellular organisms;d_Bacteria;-_FCB group;-_Bacteroidota/Chlorobiota group;p_Bacteroidota
ERR2604100	ERR2604100__k119_142356	order	-_cellular organisms;d_Bacteria;-_Terrabacteria group;-_Cyanobacteriota/Melainabacteria group;p_Cyanobacteriota;c_Cyanophyceae;o_Synechococcales
ERR2604100	ERR2604100__k119_171829	strain	-_cellular organisms;d_Bacteria;-_Terrabacteria group;p_Bacillota;c_Bacilli;o_Bacillales;f_Bacillaceae;g_Halalkalibacterium (ex Joshi et al. 2022);s_Halalkalibacterium halodurans;-_Halalkalibacterium halodurans C-125
ERR2604100	ERR2604100__k119_216035	genus	-_cellular organisms;d_Bacteria;-_FCB group;-_Bacteroidota/Chlorobiota group;p_Bacteroidota;c_Flavobacteriia;o_Flavobacteriales;f_Flavobacteriaceae;g_Flavobacterium
ERR2604100	ERR2604100__k119_82939	phylum	-_cellular organisms;d_Bacteria;p_Pseudomonadota
ERR2604100	ERR2604100__k119_97998	class	-_cellular organisms;d_Bacteria;p_Pseudomonadota;c_Gammaproteobacteria
ERR2604100	ERR2604100__k119_135344	clade	-_cellular organisms;d_Eukaryota;-_Opisthokonta;k_Metazoa;-_Eumetazoa;-_Bilateria;-_Deuterostomia;p_Chordata;-_Craniata;-_Vertebrata;-_Gnathostomata;-_Teleostomi;-_Euteleostomi;-_Sarcopterygii;-_Dipnotetrapodomorpha;-_Tetrapoda
ERR2604100	ERR2604100__k119_61887	clade	-_cellular organisms;d_Eukaryota;-_Opisthokonta;k_Metazoa;-_Eumetazoa;-_Bilateria;-_Deuterostomia;p_Chordata;-_Craniata;-_Vertebrata;-_Gnathostomata;-_Teleostomi;-_Euteleostomi;-_Sarcopterygii;-_Dipnotetrapodomorpha;-_Tetrapoda
ERR2604100	ERR2604100__k119_114433	superkingdom	-_cellular organisms;d_Bacteria
ERR2604100	ERR2604100__k119_217538	superkingdom	-_cellular organisms;d_Bacteria
ERR2604092	ERR2604092__k119_151089	superkingdom	-_cellular organisms;d_Bacteria
ERR2604092	ERR2604092__k119_145214	superkingdom	-_cellular organisms;d_Bacteria
ERR2604092	ERR2604092__k119_77293	no rank	-_cellular organisms
ERR2604092	ERR2604092__k119_10001	phylum	-_cellular organisms;d_Bacteria;p_Pseudomonadota
ERR2604092	ERR2604092__k119_186650	class	-_cellular organisms;d_Bacteria;p_Pseudomonadota;c_Alphaproteobacteria
ERR2604092	ERR2604092__k119_146604	class	-_cellular organisms;d_Bacteria;p_Pseudomonadota;c_Gammaproteobacteria
ERR2604092	ERR2604092__k119_187637	superkingdom	-_cellular organisms;d_Bacteria
ERR2604092	ERR2604092__k119_59452	superkingdom	-_cellular organisms;d_Bacteria
ERR2604092	ERR2604092__k119_79546	superkingdom	-_cellular organisms;d_Bacteria
ERR2604093	ERR2604093__k119_29973	superkingdom	-_cellular organisms;d_Bacteria
ERR2604101	ERR2604101__k119_260513	family	-_cellular organisms;d_Bacteria;-_FCB group;-_Bacteroidota/Chlorobiota group;p_Bacteroidota;c_Flavobacteriia;o_Flavobacteriales;f_Flavobacteriaceae
ERR2604101	ERR2604101__k119_105519	family	-_cellular organisms;d_Bacteria;-_FCB group;-_Bacteroidota/Chlorobiota group;p_Bacteroidota;c_Flavobacteriia;o_Flavobacteriales;f_Flavobacteriaceae
ERR2604101	ERR2604101__k119_239595	phylum	-_cellular organisms;d_Bacteria;-_FCB group;-_Bacteroidota/Chlorobiota group;p_Bacteroidota
ERR2604101	ERR2604101__k119_195643	no rank	-_cellular organisms
ERR2604101	ERR2604101__k119_239998	phylum	-_cellular organisms;d_Bacteria;p_Pseudomonadota
ERR2604101	ERR2604101__k119_84536	class	-_cellular organisms;d_Bacteria;p_Pseudomonadota;c_Alphaproteobacteria
ERR2604101	ERR2604101__k119_95517	superkingdom	-_cellular organisms;d_Bacteria
ERR2604101	ERR2604101__k119_174456	order	-_cellular organisms;d_Bacteria;p_Pseudomonadota;c_Alphaproteobacteria;o_Rhodobacterales
ERR2604101	ERR2604101__k119_230221	superkingdom	-_cellular organisms;d_Bacteria
ERR2604101	ERR2604101__k119_252635	genus	-_cellular organisms;d_Bacteria;-_Terrabacteria group;-_Cyanobacteriota/Melainabacteria group;p_Cyanobacteriota;c_Cyanophyceae;o_Synechococcales;f_Synechococcaceae;g_Synechococcus
ERR2604100	ERR2604100__k119_131476	superkingdom	-_cellular organisms;d_Bacteria
ERR2604100	ERR2604100__k119_26960	family	-_cellular organisms;d_Bacteria;p_Pseudomonadota;c_Alphaproteobacteria;o_Rhodobacterales;f_Paracoccaceae
ERR2604100	ERR2604100__k119_205699	class	-_cellular organisms;d_Bacteria;p_Pseudomonadota;c_Gammaproteobacteria
ERR2604100	ERR2604100__k119_64619	superkingdom	-_cellular organisms;d_Bacteria
ERR2604100	ERR2604100__k119_161985	strain	-_cellular organisms;d_Bacteria;-_PVC group;p_Verrucomicrobiota;c_Verrucomicrobiae;o_Verrucomicrobiales;f_Akkermansiaceae;g_Akkermansia;s_Akkermansia muciniphila;-_Akkermansia muciniphila ATCC BAA-835
ERR2604100	ERR2604100__k119_72112	superkingdom	-_cellular organisms;d_Bacteria
ERR2604100	ERR2604100__k119_43403	strain	-_cellular organisms;d_Bacteria;p_Pseudomonadota;c_Gammaproteobacteria;o_Enterobacterales;f_Enterobacteriaceae;g_Escherichia;s_Escherichia coli;-_Escherichia coli K-12
ERR2604101	ERR2604101__k119_22293	superkingdom	-_cellular organisms;d_Bacteria
ERR2604101	ERR2604101__k119_266780	class	-_cellular organisms;d_Bacteria;p_Pseudomonadota;c_Gammaproteobacteria
ERR2604101	ERR2604101__k119_256647	strain	-_cellular organisms;d_Bacteria;p_Pseudomonadota;c_Gammaproteobacteria;o_Pseudomonadales;f_Pseudomonadaceae;g_Pseudomonas;-_Pseudomonas aeruginosa group;s_Pseudomonas aeruginosa;-_Pseudomonas aeruginosa PAO1
