samea_id,run_accession,experiment_accession,study_accession,tax_id,scientific_name,fastq_ftp,submitted_ftp,sra_ftp,Organism,geographic location (depth),environment (material),collection_date,ammonium,geographic location (longitude),nitrate,water environmental package,temperature,environment (biome),oxygen,environment (feature),geographic location (country and/or sea),ENA-CHECKLIST,salinity,library reads sequenced,sample storage temperature,organism,chlorophyll,phosphate,geographic location (latitude),geographic location (region and locality),investigation type,nitrite,project name,sequencing method,silicate,ph,ENA-FIRST-PUBLIC,ENA-LAST-UPDATE
SAMEA4699777,ERR2604071,ERX2620727,PRJEB26919,1561972,seawater metagenome,ftp.sra.ebi.ac.uk/vol1/fastq/ERR260/001/ERR2604071/ERR2604071_1.fastq.gz;ftp.sra.ebi.ac.uk/vol1/fastq/ERR260/001/ERR2604071/ERR2604071_2.fastq.gz,ftp.sra.ebi.ac.uk/vol1/run/ERR260/ERR2604071/1_TAAGGCGA-CTCTCTAT_L001_R1.fastq.gz;ftp.sra.ebi.ac.uk/vol1/run/ERR260/ERR2604071/1_TAAGGCGA-CTCTCTAT_L001_R2.fastq.gz,ftp.sra.ebi.ac.uk/vol1/err/ERR260/001/ERR2604071,1561972,3,water,2012-01-03,"0,02","3,18","0,61",water,"13,80",surface seawater,"5,68",Bay,Mediterranean Sea,ERC000024,"38,13",59273132,-80,seawater metagenome,"0,68","0,03","42,52",SOLA station Bay of Banyuls sur Mer (France) in northwestern Mediterranean,metagenome,"0,18",SOLA,Illumina,"1,15","8,31",2018-05-30,2018-11-12
SAMEA4699778,ERR2604072,ERX2620728,PRJEB26919,1561972,seawater metagenome,ftp.sra.ebi.ac.uk/vol1/fastq/ERR260/002/ERR2604072/ERR2604072_1.fastq.gz;ftp.sra.ebi.ac.uk/vol1/fastq/ERR260/002/ERR2604072/ERR2604072_2.fastq.gz,ftp.sra.ebi.ac.uk/vol1/run/ERR260/ERR2604072/2_TAAGGCGA-TATCCTCT_L002_R1.fastq.gz;ftp.sra.ebi.ac.uk/vol1/run/ERR260/ERR2604072/2_TAAGGCGA-TATCCTCT_L002_R2.fastq.gz,ftp.sra.ebi.ac.uk/vol1/err/ERR260/002/ERR2604072,1561972,3,water,2012-01-31,"0,02","3,18","1,59",water,"11,82",surface seawater,"5,94",Bay,Mediterranean Sea,ERC000024,"38,04",80826740,-80,seawater metagenome,"0,29","0,04","43,52",SOLA station Bay of Banyuls sur Mer (France) in northwestern Mediterranean,metagenome,"0,41",SOLA,Illumina,"1,92","8,19",2018-05-30,2018-11-12
SAMEA4699779,ERR2604073,ERX2620729,PRJEB26919,1561972,seawater metagenome,ftp.sra.ebi.ac.uk/vol1/fastq/ERR260/003/ERR2604073/ERR2604073_1.fastq.gz;ftp.sra.ebi.ac.uk/vol1/fastq/ERR260/003/ERR2604073/ERR2604073_2.fastq.gz,ftp.sra.ebi.ac.uk/vol1/run/ERR260/ERR2604073/3_TAAGGCGA-GTAAGGAG_L003_R1.fastq.gz;ftp.sra.ebi.ac.uk/vol1/run/ERR260/ERR2604073/3_TAAGGCGA-GTAAGGAG_L003_R2.fastq.gz,ftp.sra.ebi.ac.uk/vol1/err/ERR260/003/ERR2604073,1561972,3,water,2012-02-21,"0,01","3,18","2,28",water,"10,48",surface seawater,"6,13",Bay,Mediterranean Sea,ERC000024,"38,16",71312636,-80,seawater metagenome,"0,51","0,04","42,52",SOLA station Bay of Banyuls sur Mer (France) in northwestern Mediterranean,metagenome,"0,16",SOLA,Illumina,"3,26","8,25",2018-05-30,2018-11-12
SAMEA4699780,ERR2604074,ERX2620730,PRJEB26919,1561972,seawater metagenome,ftp.sra.ebi.ac.uk/vol1/fastq/ERR260/004/ERR2604074/ERR2604074_1.fastq.gz;ftp.sra.ebi.ac.uk/vol1/fastq/ERR260/004/ERR2604074/ERR2604074_2.fastq.gz,ftp.sra.ebi.ac.uk/vol1/run/ERR260/ERR2604074/4_TAAGGCGA-ACTGCATA_L004_R1.fastq.gz;ftp.sra.ebi.ac.uk/vol1/run/ERR260/ERR2604074/4_TAAGGCGA-ACTGCATA_L004_R2.fastq.gz,ftp.sra.ebi.ac.uk/vol1/err/ERR260/004/ERR2604074,1561972,3,water,2012-03-07,"0,09","3,18","1,06",water,"10,906",surface seawater,"6,26",Bay,Mediterranean Sea,ERC000024,"38,197",80636430,-80,seawater metagenome,"0,80","0,05","42,52",SOLA station Bay of Banyuls sur Mer (France) in northwestern Mediterranean,metagenome,"0,14",SOLA,Illumina,"0,6",8.37,2018-05-30,2018-11-12
SAMEA4699781,ERR2604075,ERX2620731,PRJEB26919,1561972,seawater metagenome,ftp.sra.ebi.ac.uk/vol1/fastq/ERR260/005/ERR2604075/ERR2604075_1.fastq.gz;ftp.sra.ebi.ac.uk/vol1/fastq/ERR260/005/ERR2604075/ERR2604075_2.fastq.gz,ftp.sra.ebi.ac.uk/vol1/run/ERR260/ERR2604075/5_TAAGGCGA-AAGGAGTA_L005_R1.fastq.gz;ftp.sra.ebi.ac.uk/vol1/run/ERR260/ERR2604075/5_TAAGGCGA-AAGGAGTA_L005_R2.fastq.gz,ftp.sra.ebi.ac.uk/vol1/err/ERR260/005/ERR2604075,1561972,3,water,2012-03-13,"0,10","3,18","0,53",water,"11,186",surface seawater,"6,24",Bay,Mediterranean Sea,ERC000024,"38,184",95291086,-80,seawater metagenome,"0,60","0,02","42,52",SOLA station Bay of Banyuls sur Mer (France) in northwestern Mediterranean,metagenome,"0,15",SOLA,Illumina,"0,2","8,4",2018-05-30,2018-11-12
SAMEA4699782,ERR2604076,ERX2620732,PRJEB26919,1561972,seawater metagenome,ftp.sra.ebi.ac.uk/vol1/fastq/ERR260/006/ERR2604076/ERR2604076_1.fastq.gz;ftp.sra.ebi.ac.uk/vol1/fastq/ERR260/006/ERR2604076/ERR2604076_2.fastq.gz,ftp.sra.ebi.ac.uk/vol1/run/ERR260/ERR2604076/6_TAAGGCGA-CTAAGCCT_L006_R1.fastq.gz;ftp.sra.ebi.ac.uk/vol1/run/ERR260/ERR2604076/6_TAAGGCGA-CTAAGCCT_L006_R2.fastq.gz,ftp.sra.ebi.ac.uk/vol1/err/ERR260/006/ERR2604076,1561972,3,water,2012-04-04,"0,04","3,18","0,43",water,"13,839",surface seawater,"5,88",Bay,Mediterranean Sea,ERC000024,"37,946",52835444,-80,seawater metagenome,"0,32","0,03","42,52",SOLA station Bay of Banyuls sur Mer (France) in northwestern Mediterranean,metagenome,"0,06",SOLA,Illumina,"1,46","8,31",2018-05-30,2018-11-12
SAMEA4699783,ERR2604077,ERX2620733,PRJEB26919,1561972,seawater metagenome,ftp.sra.ebi.ac.uk/vol1/fastq/ERR260/007/ERR2604077/ERR2604077_1.fastq.gz;ftp.sra.ebi.ac.uk/vol1/fastq/ERR260/007/ERR2604077/ERR2604077_2.fastq.gz,ftp.sra.ebi.ac.uk/vol1/run/ERR260/ERR2604077/7_TAAGGCGA-CGTCTAAT_L007_R1.fastq.gz;ftp.sra.ebi.ac.uk/vol1/run/ERR260/ERR2604077/7_TAAGGCGA-CGTCTAAT_L007_R2.fastq.gz,ftp.sra.ebi.ac.uk/vol1/err/ERR260/007/ERR2604077,1561972,3,water,2012-04-23,"0,02","3,18","1,07",water,"13,254",surface seawater,"5,63",Bay,Mediterranean Sea,ERC000024,"38,23",51079736,-80,seawater metagenome,"0,33","0,06","42,52",SOLA station Bay of Banyuls sur Mer (France) in northwestern Mediterranean,metagenome,"0,14",SOLA,Illumina,"2,02","8,23",2018-05-30,2018-11-12
SAMEA4699784,ERR2604078,ERX2620734,PRJEB26919,1561972,seawater metagenome,ftp.sra.ebi.ac.uk/vol1/fastq/ERR260/008/ERR2604078/ERR2604078_1.fastq.gz;ftp.sra.ebi.ac.uk/vol1/fastq/ERR260/008/ERR2604078/ERR2604078_2.fastq.gz,ftp.sra.ebi.ac.uk/vol1/run/ERR260/ERR2604078/8_TAAGGCGA-TCTCTCCG_L008_R1.fastq.gz;ftp.sra.ebi.ac.uk/vol1/run/ERR260/ERR2604078/8_TAAGGCGA-TCTCTCCG_L008_R2.fastq.gz,ftp.sra.ebi.ac.uk/vol1/err/ERR260/008/ERR2604078,1561972,3,water,2012-05-09,"0,01","3,18","0,94",water,"15,453",surface seawater,"6,13",Bay,Mediterranean Sea,ERC000024,"36,614",73445534,-80,seawater metagenome,"1,80","0,05","42,52",SOLA station Bay of Banyuls sur Mer (France) in northwestern Mediterranean,metagenome,"0,14",SOLA,Illumina,"0,35","8,52",2018-05-30,2018-11-12
SAMEA4699785,ERR2604079,ERX2620735,PRJEB26919,1561972,seawater metagenome,ftp.sra.ebi.ac.uk/vol1/fastq/ERR260/009/ERR2604079/ERR2604079_1.fastq.gz;ftp.sra.ebi.ac.uk/vol1/fastq/ERR260/009/ERR2604079/ERR2604079_2.fastq.gz,ftp.sra.ebi.ac.uk/vol1/run/ERR260/ERR2604079/9_CGTACTAG-CTCTCTAT_L008_R1.fastq.gz;ftp.sra.ebi.ac.uk/vol1/run/ERR260/ERR2604079/9_CGTACTAG-CTCTCTAT_L008_R2.fastq.gz,ftp.sra.ebi.ac.uk/vol1/err/ERR260/009/ERR2604079,1561972,3,water,2012-06-07,"0,01","3,18","0,23",water,"19,50",surface seawater,"5,4",Bay,Mediterranean Sea,ERC000024,"37,642",90753470,-80,seawater metagenome,"0,14","0,03","42,52",SOLA station Bay of Banyuls sur Mer (France) in northwestern Mediterranean,metagenome,"0,01",SOLA,Illumina,"0,84","8,35",2018-05-30,2018-11-12
SAMEA4699786,ERR2604080,ERX2620736,PRJEB26919,1561972,seawater metagenome,ftp.sra.ebi.ac.uk/vol1/fastq/ERR260/000/ERR2604080/ERR2604080_1.fastq.gz;ftp.sra.ebi.ac.uk/vol1/fastq/ERR260/000/ERR2604080/ERR2604080_2.fastq.gz,ftp.sra.ebi.ac.uk/vol1/run/ERR260/ERR2604080/10_CGTACTAG-TATCCTCT_L001_R1.fastq.gz;ftp.sra.ebi.ac.uk/vol1/run/ERR260/ERR2604080/10_CGTACTAG-TATCCTCT_L001_R2.fastq.gz,ftp.sra.ebi.ac.uk/vol1/err/ERR260/000/ERR2604080,1561972,3,water,2012-07-12,"0,01","3,18","0,02",water,"20,092",surface seawater,"5,11",Bay,Mediterranean Sea,ERC000024,"37,855",104860772,-80,seawater metagenome,"0,12","0,03","42,52",SOLA station Bay of Banyuls sur Mer (France) in northwestern Mediterranean,metagenome,"0,02",SOLA,Illumina,"0,79",37855,2018-05-30,2018-11-12
SAMEA4699787,ERR2604081,ERX2620737,PRJEB26919,1561972,seawater metagenome,ftp.sra.ebi.ac.uk/vol1/fastq/ERR260/001/ERR2604081/ERR2604081_1.fastq.gz;ftp.sra.ebi.ac.uk/vol1/fastq/ERR260/001/ERR2604081/ERR2604081_2.fastq.gz,ftp.sra.ebi.ac.uk/vol1/run/ERR260/ERR2604081/11_CGTACTAG-GTAAGGAG_L002_R1.fastq.gz;ftp.sra.ebi.ac.uk/vol1/run/ERR260/ERR2604081/11_CGTACTAG-GTAAGGAG_L002_R2.fastq.gz,ftp.sra.ebi.ac.uk/vol1/err/ERR260/001/ERR2604081,1561972,3,water,2012-08-06,"0,09","3,18","0,06",water,"21,75",surface seawater,"4,72",Bay,Mediterranean Sea,ERC000024,"38,01",74392204,-80,seawater metagenome,"0,16","0,02","42,52",SOLA station Bay of Banyuls sur Mer (France) in northwestern Mediterranean,metagenome,"0,01",SOLA,Illumina,"0,95","8,3",2018-05-30,2018-11-12
SAMEA4699788,ERR2604082,ERX2620738,PRJEB26919,1561972,seawater metagenome,ftp.sra.ebi.ac.uk/vol1/fastq/ERR260/002/ERR2604082/ERR2604082_1.fastq.gz;ftp.sra.ebi.ac.uk/vol1/fastq/ERR260/002/ERR2604082/ERR2604082_2.fastq.gz,ftp.sra.ebi.ac.uk/vol1/run/ERR260/ERR2604082/12_CGTACTAG-ACTGCATA_L003_R1.fastq.gz;ftp.sra.ebi.ac.uk/vol1/run/ERR260/ERR2604082/12_CGTACTAG-ACTGCATA_L003_R2.fastq.gz,ftp.sra.ebi.ac.uk/vol1/err/ERR260/002/ERR2604082,1561972,3,water,2012-08-20,"0,06","3,18","0,12",water,"22,874",surface seawater,"4,72",Bay,Mediterranean Sea,ERC000024,"38,176",34871574,-80,seawater metagenome,"0,20","0,02","42,52",SOLA station Bay of Banyuls sur Mer (France) in northwestern Mediterranean,metagenome,"0,01",SOLA,Illumina,"1,15","8,26",2018-05-30,2018-11-12
SAMEA4699789,ERR2604083,ERX2620739,PRJEB26919,1561972,seawater metagenome,ftp.sra.ebi.ac.uk/vol1/fastq/ERR260/003/ERR2604083/ERR2604083_1.fastq.gz;ftp.sra.ebi.ac.uk/vol1/fastq/ERR260/003/ERR2604083/ERR2604083_2.fastq.gz,ftp.sra.ebi.ac.uk/vol1/run/ERR260/ERR2604083/13_CGTACTAG-AAGGAGTA_L004_R1.fastq.gz;ftp.sra.ebi.ac.uk/vol1/run/ERR260/ERR2604083/13_CGTACTAG-AAGGAGTA_L004_R2.fastq.gz,ftp.sra.ebi.ac.uk/vol1/err/ERR260/003/ERR2604083,1561972,3,water,2012-10-22,"0,266","3,18","0,29",water,"18,238",surface seawater,"5,07",Bay,Mediterranean Sea,ERC000024,"38,15",72532844,-80,seawater metagenome,"0,48","0,05","42,52",SOLA station Bay of Banyuls sur Mer (France) in northwestern Mediterranean,metagenome,"0,07",SOLA,Illumina,"1,47","8,43",2018-05-30,2018-11-12
SAMEA4699790,ERR2604084,ERX2620740,PRJEB26919,1561972,seawater metagenome,ftp.sra.ebi.ac.uk/vol1/fastq/ERR260/004/ERR2604084/ERR2604084_1.fastq.gz;ftp.sra.ebi.ac.uk/vol1/fastq/ERR260/004/ERR2604084/ERR2604084_2.fastq.gz,ftp.sra.ebi.ac.uk/vol1/run/ERR260/ERR2604084/14_CGTACTAG-CTAAGCCT_L005_R1.fastq.gz;ftp.sra.ebi.ac.uk/vol1/run/ERR260/ERR2604084/14_CGTACTAG-CTAAGCCT_L005_R2.fastq.gz,ftp.sra.ebi.ac.uk/vol1/err/ERR260/004/ERR2604084,1561972,3,water,2012-11-05,"0,197","3,18","0,62",water,"16,581",surface seawater,"5,32",Bay,Mediterranean Sea,ERC000024,"37,872",74872672,-80,seawater metagenome,"0,57","0,07","42,52",SOLA station Bay of Banyuls sur Mer (France) in northwestern Mediterranean,metagenome,"0,11",SOLA,Illumina,"0,57","37,872",2018-05-30,2018-11-12
SAMEA4699791,ERR2604085,ERX2620741,PRJEB26919,1561972,seawater metagenome,ftp.sra.ebi.ac.uk/vol1/fastq/ERR260/005/ERR2604085/ERR2604085_1.fastq.gz;ftp.sra.ebi.ac.uk/vol1/fastq/ERR260/005/ERR2604085/ERR2604085_2.fastq.gz,ftp.sra.ebi.ac.uk/vol1/run/ERR260/ERR2604085/15_CGTACTAG-CGTCTAAT_L006_R1.fastq.gz;ftp.sra.ebi.ac.uk/vol1/run/ERR260/ERR2604085/15_CGTACTAG-CGTCTAAT_L006_R2.fastq.gz,ftp.sra.ebi.ac.uk/vol1/err/ERR260/005/ERR2604085,1561972,3,water,2012-11-19,"0,31","3,18","0,91",water,"15,413",surface seawater,"5,41",Bay,Mediterranean Sea,ERC000024,"37,89",64281530,-80,seawater metagenome,"0,36","0,06","42,52",SOLA station Bay of Banyuls sur Mer (France) in northwestern Mediterranean,metagenome,"0,18",SOLA,Illumina,"0,36","8,35",2018-05-30,2018-11-12
SAMEA4699792,ERR2604086,ERX2620742,PRJEB26919,1561972,seawater metagenome,ftp.sra.ebi.ac.uk/vol1/fastq/ERR260/006/ERR2604086/ERR2604086_1.fastq.gz;ftp.sra.ebi.ac.uk/vol1/fastq/ERR260/006/ERR2604086/ERR2604086_2.fastq.gz,ftp.sra.ebi.ac.uk/vol1/run/ERR260/ERR2604086/16_CGTACTAG-TCTCTCCG_L007_R1.fastq.gz;ftp.sra.ebi.ac.uk/vol1/run/ERR260/ERR2604086/16_CGTACTAG-TCTCTCCG_L007_R2.fastq.gz,ftp.sra.ebi.ac.uk/vol1/err/ERR260/006/ERR2604086,1561972,3,water,2012-12-12,"0,006","3,18","1,39",water,"13,09",surface seawater,"5,85",Bay,Mediterranean Sea,ERC000024,"38,02",106010408,-80,seawater metagenome,"0,48","0,04","42,52",SOLA station Bay of Banyuls sur Mer (France) in northwestern Mediterranean,metagenome,"0,24",SOLA,Illumina,"2,53","8,38",2018-05-30,2018-11-12
SAMEA4699793,ERR2604087,ERX2620743,PRJEB26919,1561972,seawater metagenome,ftp.sra.ebi.ac.uk/vol1/fastq/ERR260/007/ERR2604087/ERR2604087_1.fastq.gz;ftp.sra.ebi.ac.uk/vol1/fastq/ERR260/007/ERR2604087/ERR2604087_2.fastq.gz,ftp.sra.ebi.ac.uk/vol1/run/ERR260/ERR2604087/17_AGGCAGAA-CTCTCTAT_L007_R1.fastq.gz;ftp.sra.ebi.ac.uk/vol1/run/ERR260/ERR2604087/17_AGGCAGAA-CTCTCTAT_L007_R2.fastq.gz,ftp.sra.ebi.ac.uk/vol1/err/ERR260/007/ERR2604087,1561972,3,water,2013-01-15,"0,022","3,18","0,94",water,"12,708",surface seawater,"5,89",Bay,Mediterranean Sea,ERC000024,"37,625",100810750,-80,seawater metagenome,"1,15","0,06","42,52",SOLA station Bay of Banyuls sur Mer (France) in northwestern Mediterranean,metagenome,"0,27",SOLA,Illumina,"1,39","8,41",2018-05-30,2018-11-12
SAMEA4699794,ERR2604088,ERX2620744,PRJEB26919,1561972,seawater metagenome,ftp.sra.ebi.ac.uk/vol1/fastq/ERR260/008/ERR2604088/ERR2604088_1.fastq.gz;ftp.sra.ebi.ac.uk/vol1/fastq/ERR260/008/ERR2604088/ERR2604088_2.fastq.gz,ftp.sra.ebi.ac.uk/vol1/run/ERR260/ERR2604088/18_AGGCAGAA-TATCCTCT_L008_R1.fastq.gz;ftp.sra.ebi.ac.uk/vol1/run/ERR260/ERR2604088/18_AGGCAGAA-TATCCTCT_L008_R2.fastq.gz,ftp.sra.ebi.ac.uk/vol1/err/ERR260/008/ERR2604088,1561972,3,water,2013-02-04,"0,046","3,18","1,79",water,"11,081",surface seawater,"5,94",Bay,Mediterranean Sea,ERC000024,"38,052",48838402,-80,seawater metagenome,"1,20","0,06","42,52",SOLA station Bay of Banyuls sur Mer (France) in northwestern Mediterranean,metagenome,"0,30",SOLA,Illumina,"1,2","38,052",2018-05-30,2018-11-12
SAMEA4699795,ERR2604089,ERX2620745,PRJEB26919,1561972,seawater metagenome,ftp.sra.ebi.ac.uk/vol1/fastq/ERR260/009/ERR2604089/ERR2604089_1.fastq.gz;ftp.sra.ebi.ac.uk/vol1/fastq/ERR260/009/ERR2604089/ERR2604089_2.fastq.gz,ftp.sra.ebi.ac.uk/vol1/run/ERR260/ERR2604089/19_AGGCAGAA-GTAAGGAG_L001_R1.fastq.gz;ftp.sra.ebi.ac.uk/vol1/run/ERR260/ERR2604089/19_AGGCAGAA-GTAAGGAG_L001_R2.fastq.gz,ftp.sra.ebi.ac.uk/vol1/err/ERR260/009/ERR2604089,1561972,3,water,2013-03-11,"0,10","3,18","5,90",water,"11,473",surface seawater,"6,41",Bay,Mediterranean Sea,ERC000024,"34,709",46597854,-80,seawater metagenome,"2,57","0,18","42,52",SOLA station Bay of Banyuls sur Mer (France) in northwestern Mediterranean,metagenome,"0,24",SOLA,Illumina,"9,98","8,38",2018-05-30,2018-11-12
SAMEA4699796,ERR2604090,ERX2620746,PRJEB26919,1561972,seawater metagenome,ftp.sra.ebi.ac.uk/vol1/fastq/ERR260/000/ERR2604090/ERR2604090_1.fastq.gz;ftp.sra.ebi.ac.uk/vol1/fastq/ERR260/000/ERR2604090/ERR2604090_2.fastq.gz,ftp.sra.ebi.ac.uk/vol1/run/ERR260/ERR2604090/20_AGGCAGAA-ACTGCATA_L002_R1.fastq.gz;ftp.sra.ebi.ac.uk/vol1/run/ERR260/ERR2604090/20_AGGCAGAA-ACTGCATA_L002_R2.fastq.gz,ftp.sra.ebi.ac.uk/vol1/err/ERR260/000/ERR2604090,1561972,3,water,2013-04-22,"0,194","3,18","1,81",water,"13,129",surface seawater,"5,92",Bay,Mediterranean Sea,ERC000024,"37,111",73729860,-80,seawater metagenome,"0,47","0,04","42,52",SOLA station Bay of Banyuls sur Mer (France) in northwestern Mediterranean,metagenome,"0,21",SOLA,Illumina,"3,19",8.31,2018-05-30,2018-11-12
SAMEA4699797,ERR2604091,ERX2620747,PRJEB26919,1561972,seawater metagenome,ftp.sra.ebi.ac.uk/vol1/fastq/ERR260/001/ERR2604091/ERR2604091_1.fastq.gz;ftp.sra.ebi.ac.uk/vol1/fastq/ERR260/001/ERR2604091/ERR2604091_2.fastq.gz,ftp.sra.ebi.ac.uk/vol1/run/ERR260/ERR2604091/21_AGGCAGAA-AAGGAGTA_L003_R1.fastq.gz;ftp.sra.ebi.ac.uk/vol1/run/ERR260/ERR2604091/21_AGGCAGAA-AAGGAGTA_L003_R2.fastq.gz,ftp.sra.ebi.ac.uk/vol1/err/ERR260/001/ERR2604091,1561972,3,water,2013-05-06,"0,068","3,18","1,60",water,"13,915",surface seawater,"7,88",Bay,Mediterranean Sea,ERC000024,"37,335",65923978,-80,seawater metagenome,"0,18","0,05","42,52",SOLA station Bay of Banyuls sur Mer (France) in northwestern Mediterranean,metagenome,"0,17",SOLA,Illumina,"3,68",7.88,2018-05-30,2018-11-12
SAMEA4699798,ERR2604092,ERX2620748,PRJEB26919,1561972,seawater metagenome,ftp.sra.ebi.ac.uk/vol1/fastq/ERR260/002/ERR2604092/ERR2604092_1.fastq.gz;ftp.sra.ebi.ac.uk/vol1/fastq/ERR260/002/ERR2604092/ERR2604092_2.fastq.gz,ftp.sra.ebi.ac.uk/vol1/run/ERR260/ERR2604092/22_AGGCAGAA-CTAAGCCT_L004_R1.fastq.gz;ftp.sra.ebi.ac.uk/vol1/run/ERR260/ERR2604092/22_AGGCAGAA-CTAAGCCT_L004_R2.fastq.gz,ftp.sra.ebi.ac.uk/vol1/err/ERR260/002/ERR2604092,1561972,3,water,2013-06-03,"0,03","3,18","0,24",water,"14,955",surface seawater,"5,86",Bay,Mediterranean Sea,ERC000024,"37,756",58442788,-80,seawater metagenome,"1,41","0,06","42,52",SOLA station Bay of Banyuls sur Mer (France) in northwestern Mediterranean,metagenome,"0,03",SOLA,Illumina,"1,22","8,17",2018-05-30,2018-11-12
SAMEA4699799,ERR2604093,ERX2620749,PRJEB26919,1561972,seawater metagenome,ftp.sra.ebi.ac.uk/vol1/fastq/ERR260/003/ERR2604093/ERR2604093_1.fastq.gz;ftp.sra.ebi.ac.uk/vol1/fastq/ERR260/003/ERR2604093/ERR2604093_2.fastq.gz,ftp.sra.ebi.ac.uk/vol1/run/ERR260/ERR2604093/23_AGGCAGAA-CGTCTAAT_L005_R1.fastq.gz;ftp.sra.ebi.ac.uk/vol1/run/ERR260/ERR2604093/23_AGGCAGAA-CGTCTAAT_L005_R2.fastq.gz,ftp.sra.ebi.ac.uk/vol1/err/ERR260/003/ERR2604093,1561972,3,water,2013-07-01,"0,016","3,18","0,06",water,"19,141",surface seawater,"5,63",Bay,Mediterranean Sea,ERC000024,"37,941",98347746,-80,seawater metagenome,"0,46","0,03","42,52",SOLA station Bay of Banyuls sur Mer (France) in northwestern Mediterranean,metagenome,"0,01",SOLA,Illumina,"0,75","7,86",2018-05-30,2018-11-12
SAMEA4699800,ERR2604094,ERX2620750,PRJEB26919,1561972,seawater metagenome,ftp.sra.ebi.ac.uk/vol1/fastq/ERR260/004/ERR2604094/ERR2604094_1.fastq.gz;ftp.sra.ebi.ac.uk/vol1/fastq/ERR260/004/ERR2604094/ERR2604094_2.fastq.gz,ftp.sra.ebi.ac.uk/vol1/run/ERR260/ERR2604094/24_AGGCAGAA-TCTCTCCG_L006_R1.fastq.gz;ftp.sra.ebi.ac.uk/vol1/run/ERR260/ERR2604094/24_AGGCAGAA-TCTCTCCG_L006_R2.fastq.gz,ftp.sra.ebi.ac.uk/vol1/err/ERR260/004/ERR2604094,1561972,3,water,2013-08-26,"0,05","3,18","0,16",water,"22,566",surface seawater,"4,78",Bay,Mediterranean Sea,ERC000024,"37,889",84345622,-80,seawater metagenome,"0,14","0,01","42,52",SOLA station Bay of Banyuls sur Mer (France) in northwestern Mediterranean,metagenome,"0,01",SOLA,Illumina,"0,88","4,78",2018-05-30,2018-11-12
SAMEA4699801,ERR2604095,ERX2620751,PRJEB26919,1561972,seawater metagenome,ftp.sra.ebi.ac.uk/vol1/fastq/ERR260/005/ERR2604095/ERR2604095_1.fastq.gz;ftp.sra.ebi.ac.uk/vol1/fastq/ERR260/005/ERR2604095/ERR2604095_2.fastq.gz,ftp.sra.ebi.ac.uk/vol1/run/ERR260/ERR2604095/25_TCCTGAGC-ACTGCATA_L006_R1.fastq.gz;ftp.sra.ebi.ac.uk/vol1/run/ERR260/ERR2604095/25_TCCTGAGC-ACTGCATA_L006_R2.fastq.gz,ftp.sra.ebi.ac.uk/vol1/err/ERR260/005/ERR2604095,1561972,3,water,2013-10-28,"0,528","3,18","1,62",water,"19,046",surface seawater,"4,52",Bay,Mediterranean Sea,ERC000024,"36,762",60805948,-80,seawater metagenome,"1,05","0,04","66,52",SOLA station Bay of Banyuls sur Mer (France) in northwestern Mediterranean,metagenome,"0,05",SOLA,Illumina,"0,57","8,14",2018-05-30,2018-11-12
SAMEA4699802,ERR2604096,ERX2620752,PRJEB26919,1561972,seawater metagenome,ftp.sra.ebi.ac.uk/vol1/fastq/ERR260/006/ERR2604096/ERR2604096_1.fastq.gz;ftp.sra.ebi.ac.uk/vol1/fastq/ERR260/006/ERR2604096/ERR2604096_2.fastq.gz,ftp.sra.ebi.ac.uk/vol1/run/ERR260/ERR2604096/26_TCCTGAGC-AAGGAGTA_L007_R1.fastq.gz;ftp.sra.ebi.ac.uk/vol1/run/ERR260/ERR2604096/26_TCCTGAGC-AAGGAGTA_L007_R2.fastq.gz,ftp.sra.ebi.ac.uk/vol1/err/ERR260/006/ERR2604096,1561972,3,water,2013-11-13,"0,08","3,18","0,17",water,"16,474",surface seawater,"5,37",Bay,Mediterranean Sea,ERC000024,"37,945",64913662,-80,seawater metagenome,"0,95","0,04","42,52",SOLA station Bay of Banyuls sur Mer (France) in northwestern Mediterranean,metagenome,"0,01",SOLA,Illumina,"1,4","8,06",2018-05-30,2018-11-12
SAMEA4699803,ERR2604097,ERX2620753,PRJEB26919,1561972,seawater metagenome,ftp.sra.ebi.ac.uk/vol1/fastq/ERR260/007/ERR2604097/ERR2604097_1.fastq.gz;ftp.sra.ebi.ac.uk/vol1/fastq/ERR260/007/ERR2604097/ERR2604097_2.fastq.gz,ftp.sra.ebi.ac.uk/vol1/run/ERR260/ERR2604097/27_TCCTGAGC-GTAAGGAG_L008_R1.fastq.gz;ftp.sra.ebi.ac.uk/vol1/run/ERR260/ERR2604097/27_TCCTGAGC-GTAAGGAG_L008_R2.fastq.gz,ftp.sra.ebi.ac.uk/vol1/err/ERR260/007/ERR2604097,1561972,3,water,2013-12-12,"0,046","3,18","2,49",water,"12,724",surface seawater,"12,72",Bay,Mediterranean Sea,ERC000024,"38,187",68579126,-80,seawater metagenome,"0,51","0,09","42,52",SOLA station Bay of Banyuls sur Mer (France) in northwestern Mediterranean,metagenome,"0,20",SOLA,Illumina,"2,98",8.05,2018-05-30,2018-11-12
SAMEA4699804,ERR2604098,ERX2620754,PRJEB26919,1561972,seawater metagenome,ftp.sra.ebi.ac.uk/vol1/fastq/ERR260/008/ERR2604098/ERR2604098_1.fastq.gz;ftp.sra.ebi.ac.uk/vol1/fastq/ERR260/008/ERR2604098/ERR2604098_2.fastq.gz,ftp.sra.ebi.ac.uk/vol1/run/ERR260/ERR2604098/28_TCCTGAGC-ACTGCATA_L001_R1.fastq.gz;ftp.sra.ebi.ac.uk/vol1/run/ERR260/ERR2604098/28_TCCTGAGC-ACTGCATA_L001_R2.fastq.gz,ftp.sra.ebi.ac.uk/vol1/err/ERR260/008/ERR2604098,1561972,3,water,2014-02-24,"0,092","3,18","1,731",water,"12,66",surface seawater,"5,734",Bay,Mediterranean Sea,ERC000024,"37,95",79561348,-80,seawater metagenome,"0,742","0,061","42,52",SOLA station Bay of Banyuls sur Mer (France) in northwestern Mediterranean,metagenome,"0,345",SOLA,Illumina,"2,48","8,107",2018-05-30,2018-11-12
SAMEA4699805,ERR2604099,ERX2620755,PRJEB26919,1561972,seawater metagenome,ftp.sra.ebi.ac.uk/vol1/fastq/ERR260/009/ERR2604099/ERR2604099_1.fastq.gz;ftp.sra.ebi.ac.uk/vol1/fastq/ERR260/009/ERR2604099/ERR2604099_2.fastq.gz,ftp.sra.ebi.ac.uk/vol1/run/ERR260/ERR2604099/29_TCCTGAGC-AAGGAGTA_L002_R1.fastq.gz;ftp.sra.ebi.ac.uk/vol1/run/ERR260/ERR2604099/29_TCCTGAGC-AAGGAGTA_L002_R2.fastq.gz,ftp.sra.ebi.ac.uk/vol1/err/ERR260/009/ERR2604099,1561972,3,water,2014-04-07,"0,16","3,18","1,056",water,"13,519",surface seawater,"6,011",Bay,Mediterranean Sea,ERC000024,"37,068",71354090,-80,seawater metagenome,"2,53","0,032","42,52",SOLA station Bay of Banyuls sur Mer (France) in northwestern Mediterranean,metagenome,"0,144",SOLA,Illumina,"0,46","8,044",2018-05-30,2018-11-12
SAMEA4699806,ERR2604100,ERX2620756,PRJEB26919,1561972,seawater metagenome,ftp.sra.ebi.ac.uk/vol1/fastq/ERR260/000/ERR2604100/ERR2604100_1.fastq.gz;ftp.sra.ebi.ac.uk/vol1/fastq/ERR260/000/ERR2604100/ERR2604100_2.fastq.gz,ftp.sra.ebi.ac.uk/vol1/run/ERR260/ERR2604100/30_TCCTGAGC-CTAAGCCT_L003_R1.fastq.gz;ftp.sra.ebi.ac.uk/vol1/run/ERR260/ERR2604100/30_TCCTGAGC-CTAAGCCT_L003_R2.fastq.gz,ftp.sra.ebi.ac.uk/vol1/err/ERR260/000/ERR2604100,1561972,3,water,2014-04-22,"0,024","3,18","0,11",water,"15,155",surface seawater,"5,547",Bay,Mediterranean Sea,ERC000024,"37,402",113230060,-80,seawater metagenome,"1,223","0,01","42,52",SOLA station Bay of Banyuls sur Mer (France) in northwestern Mediterranean,metagenome,"0,05",SOLA,Illumina,"0,75","8,17",2018-05-30,2018-11-12
SAMEA4699807,ERR2604101,ERX2620757,PRJEB26919,1561972,seawater metagenome,ftp.sra.ebi.ac.uk/vol1/fastq/ERR260/001/ERR2604101/ERR2604101_1.fastq.gz;ftp.sra.ebi.ac.uk/vol1/fastq/ERR260/001/ERR2604101/ERR2604101_2.fastq.gz,ftp.sra.ebi.ac.uk/vol1/run/ERR260/ERR2604101/31_TCCTGAGC-CGTCTAAT_L004_R1.fastq.gz;ftp.sra.ebi.ac.uk/vol1/run/ERR260/ERR2604101/31_TCCTGAGC-CGTCTAAT_L004_R2.fastq.gz,ftp.sra.ebi.ac.uk/vol1/err/ERR260/001/ERR2604101,1561972,3,water,2014-06-10,"0,006","3,18","0,02",water,"17,702",surface seawater,"5,45",Bay,Mediterranean Sea,ERC000024,"37,725",114367198,-80,seawater metagenome,"0,328","0,01","42,52",SOLA station Bay of Banyuls sur Mer (France) in northwestern Mediterranean,metagenome,"0,01",SOLA,Illumina,"0,83","8,1",2018-05-30,2018-11-12
SAMEA4699808,ERR2604102,ERX2620758,PRJEB26919,1561972,seawater metagenome,ftp.sra.ebi.ac.uk/vol1/fastq/ERR260/002/ERR2604102/ERR2604102_1.fastq.gz;ftp.sra.ebi.ac.uk/vol1/fastq/ERR260/002/ERR2604102/ERR2604102_2.fastq.gz,ftp.sra.ebi.ac.uk/vol1/run/ERR260/ERR2604102/32_TCCTGAGC-TCTCTCCG_L005_R1.fastq.gz;ftp.sra.ebi.ac.uk/vol1/run/ERR260/ERR2604102/32_TCCTGAGC-TCTCTCCG_L005_R2.fastq.gz,ftp.sra.ebi.ac.uk/vol1/err/ERR260/002/ERR2604102,1561972,3,water,2014-07-21,"0,045","3,18","0,197",water,"20,502",surface seawater,"5,038",Bay,Mediterranean Sea,ERC000024,"37,883",54582720,-80,seawater metagenome,"0,27","0,01","42,52",SOLA station Bay of Banyuls sur Mer (France) in northwestern Mediterranean,metagenome,"0,011",SOLA,Illumina,"2,75","8,088",2018-05-30,2018-11-12
SAMEA4699809,ERR2604103,ERX2620759,PRJEB26919,1561972,seawater metagenome,ftp.sra.ebi.ac.uk/vol1/fastq/ERR260/003/ERR2604103/ERR2604103_1.fastq.gz;ftp.sra.ebi.ac.uk/vol1/fastq/ERR260/003/ERR2604103/ERR2604103_2.fastq.gz,ftp.sra.ebi.ac.uk/vol1/run/ERR260/ERR2604103/33_GGACTCCT-CTCTCTAT_L005_R1.fastq.gz;ftp.sra.ebi.ac.uk/vol1/run/ERR260/ERR2604103/33_GGACTCCT-CTCTCTAT_L005_R2.fastq.gz,ftp.sra.ebi.ac.uk/vol1/err/ERR260/003/ERR2604103,1561972,3,water,2014-08-04,"0,0187","3,18","0,166",water,"21,993",surface seawater,"4,2231",Bay,Mediterranean Sea,ERC000024,"37,826",68653980,-80,seawater metagenome,"0,2649","0,01","42,52",SOLA station Bay of Banyuls sur Mer (France) in northwestern Mediterranean,metagenome,"0,01",SOLA,Illumina,"0,68","8,112",2018-05-30,2018-11-12
SAMEA4699810,ERR2604104,ERX2620760,PRJEB26919,1561972,seawater metagenome,ftp.sra.ebi.ac.uk/vol1/fastq/ERR260/004/ERR2604104/ERR2604104_1.fastq.gz;ftp.sra.ebi.ac.uk/vol1/fastq/ERR260/004/ERR2604104/ERR2604104_2.fastq.gz,ftp.sra.ebi.ac.uk/vol1/run/ERR260/ERR2604104/34_GGACTCCT-TATCCTCT_L006_R1.fastq.gz;ftp.sra.ebi.ac.uk/vol1/run/ERR260/ERR2604104/34_GGACTCCT-TATCCTCT_L006_R2.fastq.gz,ftp.sra.ebi.ac.uk/vol1/err/ERR260/004/ERR2604104,1561972,3,water,2014-09-01,"0,009","3,18","0,03",water,"21,666",surface seawater,"5,08 mL/L",Bay,Mediterranean Sea,ERC000024,"37,9374",70368772,-80,seawater metagenome,"0,153","0,01","42,52",SOLA station Bay of Banyuls sur Mer (France) in northwestern Mediterranean,metagenome,"0,077",SOLA,Illumina,"0,54","8,552",2018-05-30,2018-11-12
SAMEA4699811,ERR2604105,ERX2620761,PRJEB26919,1561972,seawater metagenome,ftp.sra.ebi.ac.uk/vol1/fastq/ERR260/005/ERR2604105/ERR2604105_1.fastq.gz;ftp.sra.ebi.ac.uk/vol1/fastq/ERR260/005/ERR2604105/ERR2604105_2.fastq.gz,ftp.sra.ebi.ac.uk/vol1/run/ERR260/ERR2604105/35_GGACTCCT-GTAAGGAG_L007_R1.fastq.gz;ftp.sra.ebi.ac.uk/vol1/run/ERR260/ERR2604105/35_GGACTCCT-GTAAGGAG_L007_R2.fastq.gz,ftp.sra.ebi.ac.uk/vol1/err/ERR260/005/ERR2604105,1561972,3,water,2014-11-12,"0,093","3,18","0,301",water,"18,232",surface seawater,"4,999 mL/L",Bay,Mediterranean Sea,ERC000024,"38,0811",74795486,-80,seawater metagenome,"0,298","0,01","42,52",SOLA station Bay of Banyuls sur Mer (France) in northwestern Mediterranean,metagenome,"0,109",SOLA,Illumina,"1,03","8,131",2018-05-30,2018-11-12
SAMEA4699812,ERR2604106,ERX2620762,PRJEB26919,1561972,seawater metagenome,ftp.sra.ebi.ac.uk/vol1/fastq/ERR260/006/ERR2604106/ERR2604106_1.fastq.gz;ftp.sra.ebi.ac.uk/vol1/fastq/ERR260/006/ERR2604106/ERR2604106_2.fastq.gz,ftp.sra.ebi.ac.uk/vol1/run/ERR260/ERR2604106/36_GGACTCCT-ACTGCATA_L008_R1.fastq.gz;ftp.sra.ebi.ac.uk/vol1/run/ERR260/ERR2604106/36_GGACTCCT-ACTGCATA_L008_R2.fastq.gz,ftp.sra.ebi.ac.uk/vol1/err/ERR260/006/ERR2604106,1561972,3,water,2014-11-24,"0,44","3,18","0,66",water,"17,33",surface seawater,"5,32 mL/L",Bay,Mediterranean Sea,ERC000024,"37,67",107935088,-80,seawater metagenome,"0,60","0,17","42,52",SOLA station Bay of Banyuls sur Mer (France) in northwestern Mediterranean,metagenome,"0,07",SOLA,Illumina,"1,22",8147,2018-05-30,2018-06-06
SAMEA4699813,ERR2604107,ERX2620763,PRJEB26919,1561972,seawater metagenome,ftp.sra.ebi.ac.uk/vol1/fastq/ERR260/007/ERR2604107/ERR2604107_1.fastq.gz;ftp.sra.ebi.ac.uk/vol1/fastq/ERR260/007/ERR2604107/ERR2604107_2.fastq.gz,ftp.sra.ebi.ac.uk/vol1/run/ERR260/ERR2604107/37_GGACTCCT-AAGGAGTA_L001_R1.fastq.gz;ftp.sra.ebi.ac.uk/vol1/run/ERR260/ERR2604107/37_GGACTCCT-AAGGAGTA_L001_R2.fastq.gz,ftp.sra.ebi.ac.uk/vol1/err/ERR260/007/ERR2604107,1561972,3,water,2014-12-08,"0,24","3,18","1,369",water,"16,1533",surface seawater,"5,467 mL/L",Bay,Mediterranean Sea,ERC000024,"37,5258",74502570,-80,seawater metagenome,"0,332","0,039","42,52",SOLA station Bay of Banyuls sur Mer (France) in northwestern Mediterranean,metagenome,"0,307",SOLA,Illumina,"3,64","8,148",2018-05-30,2018-11-12
SAMEA4699814,ERR2604108,ERX2620764,PRJEB26919,1561972,seawater metagenome,ftp.sra.ebi.ac.uk/vol1/fastq/ERR260/008/ERR2604108/ERR2604108_1.fastq.gz;ftp.sra.ebi.ac.uk/vol1/fastq/ERR260/008/ERR2604108/ERR2604108_2.fastq.gz,ftp.sra.ebi.ac.uk/vol1/run/ERR260/ERR2604108/38_GGACTCCT-CTAAGCCT_L002_R1.fastq.gz;ftp.sra.ebi.ac.uk/vol1/run/ERR260/ERR2604108/38_GGACTCCT-CTAAGCCT_L002_R2.fastq.gz,ftp.sra.ebi.ac.uk/vol1/err/ERR260/008/ERR2604108,1561972,3,water,2015-01-08,"0,05","3,18","0,53",water,"13,27",surface seawater,"5,80",Bay,Mediterranean Sea,ERC000024,"37,79",76479148,-80,seawater metagenome,"0,69","0,01","42,52",SOLA station Bay of Banyuls sur Mer (France) in northwestern Mediterranean,metagenome,"0,28",SOLA,Illumina,"1,81","8,14",2018-05-30,2018-11-12
SAMEA4699815,ERR2604109,ERX2620765,PRJEB26919,1561972,seawater metagenome,ftp.sra.ebi.ac.uk/vol1/fastq/ERR260/009/ERR2604109/ERR2604109_1.fastq.gz;ftp.sra.ebi.ac.uk/vol1/fastq/ERR260/009/ERR2604109/ERR2604109_2.fastq.gz,ftp.sra.ebi.ac.uk/vol1/run/ERR260/ERR2604109/39_GGACTCCT-CGTCTAAT_L003_R1.fastq.gz;ftp.sra.ebi.ac.uk/vol1/run/ERR260/ERR2604109/39_GGACTCCT-CGTCTAAT_L003_R2.fastq.gz,ftp.sra.ebi.ac.uk/vol1/err/ERR260/009/ERR2604109,1561972,3,water,2015-01-22,"0,08","3,18","0,29",water,"12,67",surface seawater,"5,86",Bay,Mediterranean Sea,ERC000024,"37,83",69334770,-80,seawater metagenome,"1,10","0,01","42,52",SOLA station Bay of Banyuls sur Mer (France) in northwestern Mediterranean,metagenome,"0,20",SOLA,Illumina,"1,21","8,14",2018-05-30,2018-11-12
SAMEA4699816,ERR2604110,ERX2620766,PRJEB26919,1561972,seawater metagenome,ftp.sra.ebi.ac.uk/vol1/fastq/ERR260/000/ERR2604110/ERR2604110_1.fastq.gz;ftp.sra.ebi.ac.uk/vol1/fastq/ERR260/000/ERR2604110/ERR2604110_2.fastq.gz,ftp.sra.ebi.ac.uk/vol1/run/ERR260/ERR2604110/40_GGACTCCT-TCTCTCCG_L004_R1.fastq.gz;ftp.sra.ebi.ac.uk/vol1/run/ERR260/ERR2604110/40_GGACTCCT-TCTCTCCG_L004_R2.fastq.gz,ftp.sra.ebi.ac.uk/vol1/err/ERR260/000/ERR2604110,1561972,3,water,2015-02-02,"0,092","3,18","1,447",water,"12,6014",surface seawater,"5,82",water,Mediterranean Sea,ERC000024,"38,0616",50666858,-80,seawater metagenome,"0,639","0,024","42,52",SOLA station Bay of Banyuls sur Mer (France) in northwestern Mediterranean,metagenome,"0,223",SOLA,Illumina,"3,82","8,156",2018-05-30,2018-11-12
